"session_ID","island_code","subisland_code","site_code","site_name","lat","long","session_date","session_year","session_month","session_day","series_ID","net_open_1","net_close_1","net_open_2","net_close_2","net_open_3","net_close_3","net_open_4","net_close_4","net_open_5","net_close_5","net_mesh","net_dim","spp_audio_file","dB_level","speaker_system","org","notes","flagged","flagged_notes"
"1994-06-16_SBI_AP","SBI","SBI","AP","Arch Point",33.487622,-119.028535,1994-06-16,1994,6,16,1,1994-06-17 01:36:00,1994-06-17 02:40:00,NA,NA,NA,NA,NA,NA,NA,NA,38,"12 x 2.6","ASSP",NA,"Tape recorder","PRBO (Point Blue Conservation Science)","Several large petrels fluttered over tape recorder around 02:00, one bounced out of net (probably BLSP)","N",NA
"1994-07-03_SBI_AP","SBI","SBI","AP","Arch Point",33.487622,-119.028535,1994-07-03,1994,7,3,1,1994-07-04 00:30:00,1994-07-04 03:30:00,NA,NA,NA,NA,NA,NA,NA,NA,38,"12 x 2.6","ASSP",NA,"Regular sized cassette tape player with no external speakers","PRBO (Point Blue Conservation Science)",NA,"N",NA
"1994-07-13_SBI_AP","SBI","SBI","AP","Arch Point",33.487622,-119.028535,1994-07-13,1994,7,13,1,1994-07-14 00:00:00,1994-07-14 03:00:00,NA,NA,NA,NA,NA,NA,NA,NA,38,"12 x 2.6","ASSP",NA,"Regular sized cassette tape player with no external speakers","PRBO (Point Blue Conservation Science)",NA,"N",NA
"1994-05-03_ANI_CC","ANI","EAI","CC","Cathedral Cove",34.014197,-119.371283,1994-05-03,1994,5,3,1,1994-05-03 20:30:00,1994-05-04 02:20:00,NA,NA,NA,NA,NA,NA,NA,NA,NA,"9 x 2.6","ASSP",NA,"Small cassette player","Humboldt State University (H. Carter & D. Whitworth)","Wx sky clear, SW wind 5 kts. No wind @ 21:40. 20:58 WEGU in net, lights from mainland highly visible, light from lighthouse not a factor nor foghorn. 2:20 closed down net due to no activity.","N",NA
"1994-05-05_ANI_CC","ANI","EAI","CC","Cathedral Cove",34.014197,-119.371283,1994-05-05,1994,5,5,2,1994-05-05 20:43:00,1994-05-06 04:20:00,NA,NA,NA,NA,NA,NA,NA,NA,NA,"9 x 2.6","ASSP",NA,"Small cassette player","Humboldt State University (H. Carter & D. Whitworth)","Wx partly cloudy, NW wind 15 kts, lights from platform and mainland, no foghorn. 22:00 lots of lightening high in sky. 24:00 clear, wind 0-5 kts. ","N",NA
"1994-04-15_ANI_EAI_N","ANI","EAI","EAI_N","EAI North side, dock area",34.016411,-119.362333,1994-04-15,1994,4,15,1,1994-04-15 20:36:00,1994-04-15 21:05:00,1994-04-15 21:20:00,1994-04-15 22:00:00,1994-04-15 22:15:00,1994-04-15 23:01:00,1994-04-15 23:18:00,1994-04-16 02:57:00,1994-04-16 03:27:00,1994-04-16 04:50:00,NA,"9 x 2.6","ASSP",NA,"Small cassette player","Humboldt State University (H. Carter & D. Whitworth)","Wx clear, cool, NW wind 5-8 kts, moon waxing crescent. 21:30 thick high fog layer moved in, foghorn 2 sec blast followed by 12 sec silence. 23:01 fog moved out.","N",NA
"1994-05-02_ANI_EAI_N","ANI","EAI","EAI_N","EAI North side, dock area",34.016411,-119.362333,1994-05-02,1994,5,2,1,1994-05-02 21:30:00,1994-05-02 22:00:00,1994-05-02 22:15:00,1994-05-02 23:00:00,1994-05-02 23:15:00,1994-05-02 23:50:00,1994-05-02 23:50:00,1994-05-03 00:20:00,1994-05-03 00:20:00,1994-05-03 03:40:00,NA,"9 x 2.6","ASSP",NA,"Small cassette player","Humboldt State University (H. Carter & D. Whitworth)","Wx clear with distant clouds, NW wind 10-15 kts. 22:45 wind gusting 15-20 kts. 23:24 wind dropping. 0:49 wind <5 kts. 22:45 net fell down. Tape player did not work from 23:50-0:20 but eventually restarted.","N",NA
"1994-05-04_ANI_EAI_N","ANI","EAI","EAI_N","EAI North side, dock area",34.016411,-119.362333,1994-05-04,1994,5,4,2,1994-05-04 20:30:00,1994-05-05 05:20:00,NA,NA,NA,NA,NA,NA,NA,NA,NA,"9 x 2.6","ASSP",NA,"Small cassette player","Humboldt State University (H. Carter & D. Whitworth)","Wx partly cloudy, NW wind 5-10 kts, gusting to 15 kts. 23:27 fogbank has obscured mainland lights but still have lighthouse and ranger's house lights. 0:05 wind 0-5 kts, oil platform visible. 21:11 heard ASSP and SCMU calling. 23:27 CAAU called nearby, 1st heard, occasional SCMU calling from Landing Cove.","N",NA
"1994-06-07_ANI_EAI_N","ANI","EAI","EAI_N","EAI North side, dock area",34.016411,-119.362333,1994-06-07,1994,6,7,1,1994-06-07 21:05:00,1994-06-08 03:00:00,NA,NA,NA,NA,NA,NA,NA,NA,NA,"9 x 2.6","ASSP",NA,"Small cassette player","Humboldt State University (H. Carter & D. Whitworth)","Wx ND. From 21:47 to 2:44, ASSP sporadically calling and flying over net.","N",NA
"1994-04-16_ANI_EAI_S","ANI","EAI","EAI_S","EAI South Ridge",34.014217,-119.365644,1994-04-16,1994,4,16,1,1994-04-16 20:30:00,1994-04-16 21:26:00,NA,NA,NA,NA,NA,NA,NA,NA,NA,"9 x 2.6","ASSP",NA,"Small cassette player","Humboldt State University (H. Carter & D. Whitworth)","Wx overcast, cool, NW wind 5 kts. Heard first SCMU 20:11. Closed net early because too windy.","N",NA
"1994-04-17_ANI_EAI_SW","ANI","EAI","EAI_SW","EAI SW end",34.013008,-119.374161,1994-04-17,1994,4,17,1,1994-04-17 20:26:00,1994-04-18 02:00:00,1994-04-18 02:15:00,1994-04-18 03:00:00,NA,NA,NA,NA,NA,NA,NA,"9 x 2.6","ASSP",NA,"Small cassette player","Humboldt State University (H. Carter & D. Whitworth)","Wx mostly clear, NW wind 5 kts with gusts, 1/3 waxing moon. 21:15 more windy but variable. 01:20 moon set. Heard first SCMU 20:50.","N",NA
"1994-05-04_ANI_EAI_SW","ANI","EAI","EAI_SW","EAI SW end",34.013008,-119.374161,1994-05-04,1994,5,4,1,1994-05-05 03:00:00,1994-05-05 05:20:00,NA,NA,NA,NA,NA,NA,NA,NA,NA,"9 x 2.6","ASSP",NA,"Small cassette player","Humboldt State University (H. Carter & D. Whitworth)","Wx 1/4 moon to east horizon. 4:00 WEGU hit net. No captures identified in banding list. ","N",NA
"1994-05-02_ANI_EAI_W","ANI","EAI","EAI_W","EAI west of lighthouse",34.016017,-119.359978,1994-05-02,1994,5,2,1,1994-05-02 21:14:00,1994-05-03 04:05:00,NA,NA,NA,NA,NA,NA,NA,NA,NA,"9 x 2.6","ASSP",NA,"Small cassette player","Humboldt State University (H. Carter & D. Whitworth)","Wx clear sky, NW wind 10-15 kts, down to 5-8 kts @ 23:19. 21:14 net billowing in wind, light from lighthouse could be a problem. 22:42 CAAU heard flying by, no ASSP activity yet. 02:55 WEGU in net, removed. 04:05 no SCMU survey conducted, too much activity. ","N",NA
"1994-07-12_SBI_ESP","SBI","SBI","ESP","Elephant Seal Point",33.482528,-119.041599,1994-07-12,1994,7,12,1,1994-07-12 23:35:00,1994-07-13 02:35:00,NA,NA,NA,NA,NA,NA,NA,NA,38,"12 x 2.6","ASSP",NA,"Regular sized cassette tape player with no external speakers","PRBO (Point Blue Conservation Science)",NA,"N",NA
"1994-08-12_SBI_ESP","SBI","SBI","ESP","Elephant Seal Point",33.482528,-119.041599,1994-08-12,1994,8,12,1,1994-08-12 22:50:00,1994-08-13 02:00:00,NA,NA,NA,NA,NA,NA,NA,NA,38,"12 x 2.6","ASSP",NA,"Regular sized cassette tape player with no external speakers","PRBO (Point Blue Conservation Science)",NA,"N",NA
"1994-08-09_SBI_WCliffs","SBI","SBI","WCliffs","West Cliffs",33.477633,-119.042881,1994-08-09,1994,8,9,1,1994-08-09 23:15:00,1994-08-10 02:15:00,NA,NA,NA,NA,NA,NA,NA,NA,38,"12 x 2.6","ASSP",NA,"Regular sized cassette tape player with no external speakers","PRBO (Point Blue Conservation Science)","4 bounce-outs, 1 unknown if ASSP or LESP (not included in no. captured)","N",NA
"1994-08-14_SBI_WCliffs","SBI","SBI","WCliffs","West Cliffs",33.477633,-119.042881,1994-08-14,1994,8,14,2,1994-08-15 00:20:00,1994-08-15 03:20:00,NA,NA,NA,NA,NA,NA,NA,NA,38,"12 x 2.6","ASSP",NA,"Regular sized cassette tape player with no external speakers","PRBO (Point Blue Conservation Science)",NA,"N",NA
"1995-04-26_SBI_ESP","SBI","SBI","ESP","Elephant Seal Point",33.482528,-119.041599,1995-04-26,1995,4,26,1,NA,NA,NA,NA,NA,NA,NA,NA,NA,NA,38,"12 x 2.6","ASSP",NA,"Regular sized cassette tape player with no external speakers","PRBO (Point Blue Conservation Science)",NA,"Y","No net open time"
"1995-05-14_SBI_ESP","SBI","SBI","ESP","Elephant Seal Point",33.482528,-119.041599,1995-05-14,1995,5,14,1,1995-05-14 23:00:00,1995-05-15 02:00:00,NA,NA,NA,NA,NA,NA,NA,NA,38,"12 x 2.6","ASSP",NA,"Regular sized cassette tape player with no external speakers","PRBO (Point Blue Conservation Science)",NA,"N",NA
"1995-06-03_SBI_ESP","SBI","SBI","ESP","Elephant Seal Point",33.482528,-119.041599,1995-06-03,1995,6,3,1,1995-06-03 23:07:00,1995-06-04 02:10:00,NA,NA,NA,NA,NA,NA,NA,NA,38,"12 x 2.6","ASSP",NA,"Regular sized cassette tape player with no external speakers","PRBO (Point Blue Conservation Science)",NA,"N",NA
"1995-06-07_SBI_ESP","SBI","SBI","ESP","Elephant Seal Point",33.482528,-119.041599,1995-06-07,1995,6,7,2,NA,NA,NA,NA,NA,NA,NA,NA,NA,NA,38,"12 x 2.6","ASSP",NA,"Regular sized cassette tape player with no external speakers","PRBO (Point Blue Conservation Science)",NA,"Y","No net open time"
"1995-06-22_SBI_ESP","SBI","SBI","ESP","Elephant Seal Point",33.482528,-119.041599,1995-06-22,1995,6,22,1,NA,NA,NA,NA,NA,NA,NA,NA,NA,NA,38,"12 x 2.6","ASSP",NA,"Regular sized cassette tape player with no external speakers","PRBO (Point Blue Conservation Science)",NA,"Y","No net open time"
"1995-06-24_SBI_ESP","SBI","SBI","ESP","Elephant Seal Point",33.482528,-119.041599,1995-06-24,1995,6,24,2,NA,NA,NA,NA,NA,NA,NA,NA,NA,NA,38,"12 x 2.6","ASSP",NA,"Regular sized cassette tape player with no external speakers","PRBO (Point Blue Conservation Science)",NA,"Y","No net open time"
"1995-06-26_SBI_ESP","SBI","SBI","ESP","Elephant Seal Point",33.482528,-119.041599,1995-06-26,1995,6,26,3,NA,NA,NA,NA,NA,NA,NA,NA,NA,NA,38,"12 x 2.6","ASSP",NA,"Regular sized cassette tape player with no external speakers","PRBO (Point Blue Conservation Science)",NA,"Y","No net open time"
"1995-08-04_SBI_ESP","SBI","SBI","ESP","Elephant Seal Point",33.482528,-119.041599,1995-08-04,1995,8,4,1,NA,NA,NA,NA,NA,NA,NA,NA,NA,NA,38,"12 x 2.6","ASSP",NA,"Regular sized cassette tape player with no external speakers","PRBO (Point Blue Conservation Science)",NA,"Y","No net open time"
"1995-08-05_SBI_ESP","SBI","SBI","ESP","Elephant Seal Point",33.482528,-119.041599,1995-08-05,1995,8,5,2,NA,NA,NA,NA,NA,NA,NA,NA,NA,NA,38,"12 x 2.6","ASSP",NA,"Regular sized cassette tape player with no external speakers","PRBO (Point Blue Conservation Science)",NA,"Y","No net open time"
"1995-04-25_SBI_WP","SBI","SBI","WP","Websters Point",33.481075,-119.046301,1995-04-25,1995,4,25,1,1995-04-25 22:00:00,1995-04-25 23:00:00,NA,NA,NA,NA,NA,NA,NA,NA,38,"12 x 2.6","ASSP",NA,"Regular sized cassette tape player with no external speakers","PRBO (Point Blue Conservation Science)",NA,"N",NA
"1995-08-03_SBI_WP","SBI","SBI","WP","Websters Point",33.481075,-119.046301,1995-08-03,1995,8,3,1,NA,NA,NA,NA,NA,NA,NA,NA,NA,NA,38,"12 x 2.6","ASSP",NA,"Regular sized cassette tape player with no external speakers","PRBO (Point Blue Conservation Science)",NA,"Y","No net open time"
"1996-06-06_SBI_AP","SBI","SBI","AP","Arch Point",33.487622,-119.028535,1996-06-06,1996,6,6,1,NA,NA,NA,NA,NA,NA,NA,NA,NA,NA,38,"12 x 2.6","ASSP",NA,"Regular sized cassette tape player with no external speakers","PRBO (Point Blue Conservation Science)",NA,"Y","No net open time"
"1996-07-17_SBI_AP","SBI","SBI","AP","Arch Point",33.487622,-119.028535,1996-07-17,1996,7,17,1,NA,NA,NA,NA,NA,NA,NA,NA,NA,NA,38,"12 x 2.6","ASSP",NA,"Regular sized cassette tape player with no external speakers","PRBO (Point Blue Conservation Science)",NA,"Y","No net open time"
"1996-08-15_SBI_AP","SBI","SBI","AP","Arch Point",33.487622,-119.028535,1996-08-15,1996,8,15,1,NA,NA,NA,NA,NA,NA,NA,NA,NA,NA,38,"12 x 2.6","ASSP",NA,"Regular sized cassette tape player with no external speakers","PRBO (Point Blue Conservation Science)","Most of the brood patches were refeathering","Y","No net open time"
"1996-06-18_SBI_ESP","SBI","SBI","ESP","Elephant Seal Point",33.482528,-119.041599,1996-06-18,1996,6,18,1,NA,NA,NA,NA,NA,NA,NA,NA,NA,NA,38,"12 x 2.6","ASSP",NA,"Regular sized cassette tape player with no external speakers","PRBO (Point Blue Conservation Science)",NA,"Y","No net open time"
"1996-06-23_SBI_NCliffs","SBI","SBI","NCliffs","North Cliffs",33.488461,-119.030192,1996-06-23,1996,6,23,1,NA,NA,NA,NA,NA,NA,NA,NA,NA,NA,38,"12 x 2.6","ASSP",NA,"Regular sized cassette tape player with no external speakers","PRBO (Point Blue Conservation Science)",NA,"Y","No net open time"
"1996-07-17_SBI_NCliffs","SBI","SBI","NCliffs","North Cliffs",33.488461,-119.030192,1996-07-17,1996,7,17,1,1996-07-17 23:00:00,1996-07-18 02:20:00,NA,NA,NA,NA,NA,NA,NA,NA,38,"12 x 2.6","ASSP",NA,"Regular sized cassette tape player with no external speakers","PRBO (Point Blue Conservation Science)",NA,"N",NA
"1996-06-07_SBI_WCliffs","SBI","SBI","WCliffs","West Cliffs",33.477633,-119.042881,1996-06-07,1996,6,7,1,NA,NA,NA,NA,NA,NA,NA,NA,NA,NA,38,"12 x 2.6","ASSP",NA,"Regular sized cassette tape player with no external speakers","PRBO (Point Blue Conservation Science)",NA,"Y","No net open time"
"1996-07-20_SBI_WCliffs","SBI","SBI","WCliffs","West Cliffs",33.477633,-119.042881,1996-07-20,1996,7,20,1,NA,NA,NA,NA,NA,NA,NA,NA,NA,NA,38,"12 x 2.6","ASSP",NA,"Regular sized cassette tape player with no external speakers","PRBO (Point Blue Conservation Science)","Most of the brood patches were refeathering","Y","No net open time"
"1999-06-10_SBI_AP","SBI","SBI","AP","Arch Point",33.487622,-119.028535,1999-06-10,1999,6,10,1,NA,NA,NA,NA,NA,NA,NA,NA,NA,NA,38,"12 x 2.6","ASSP",NA,"Regular sized cassette tape player with no external speakers","PRBO (Point Blue Conservation Science)","Duration 3 hours re 1999 PRBO report. ","Y","No net open time"
"1999-07-14_SBI_AP","SBI","SBI","AP","Arch Point",33.487622,-119.028535,1999-07-14,1999,7,14,1,NA,NA,NA,NA,NA,NA,NA,NA,NA,NA,38,"12 x 2.6","ASSP",NA,"Regular sized cassette tape player with no external speakers","PRBO (Point Blue Conservation Science)","19 BLSP! Duration 3 hours re 1999 PRBO report","Y","No net open time"
"1999-05-21_SBI_ESP","SBI","SBI","ESP","Elephant Seal Point",33.482528,-119.041599,1999-05-21,1999,5,21,1,NA,NA,NA,NA,NA,NA,NA,NA,NA,NA,38,"12 x 2.6","ASSP",NA,"Regular sized cassette tape player with no external speakers","PRBO (Point Blue Conservation Science)","Duration 3 hours re 1999 PRBO report. Squid boat with bright lights arrived offshore ~1/2 mile 00:45 until 1:30","Y","No net open time"
"1999-05-12_SBI_WCliffs","SBI","SBI","WCliffs","West Cliffs",33.477633,-119.042881,1999-05-12,1999,5,12,1,NA,NA,NA,NA,NA,NA,NA,NA,NA,NA,38,"12 x 2.6","ASSP",NA,"Regular sized cassette tape player with no external speakers","PRBO (Point Blue Conservation Science)","Duration 2 hours re 1999 PRBO report","Y","No net open time"
"1999-06-11_SBI_WCliffs","SBI","SBI","WCliffs","West Cliffs",33.477633,-119.042881,1999-06-11,1999,6,11,1,NA,NA,NA,NA,NA,NA,NA,NA,NA,NA,38,"12 x 2.6","ASSP",NA,"Regular sized cassette tape player with no external speakers","PRBO (Point Blue Conservation Science)","Duration 3 hours re 1999 PRBO report","Y","No net open time"
"2004-07-17_SBI_AP","SBI","SBI","AP","Arch Point",33.487622,-119.028535,2004-07-17,2004,7,17,1,2004-07-17 21:31:00,2004-07-17 23:59:00,2004-07-18 00:40:00,2004-07-18 02:36:00,NA,NA,NA,NA,NA,NA,NA,NA,NA,NA,NA,"USGS WERC","CLEAR 0 MOON, WIND W- NW 10 KTS","N",NA
"2004-07-18_SBI_AP","SBI","SBI","AP","Arch Point",33.487622,-119.028535,2004-07-18,2004,7,18,2,2004-07-18 21:31:00,2004-07-19 02:30:00,NA,NA,NA,NA,NA,NA,NA,NA,NA,NA,NA,NA,NA,"USGS WERC","MINUS 5 MINUTES VOCAL OFF; WNW 10 KTS SLIVER MOON","N",NA
"2004-08-14_SBI_AP","SBI","SBI","AP","Arch Point",33.487622,-119.028535,2004-08-14,2004,8,14,1,2004-08-14 21:30:00,2004-08-15 02:33:00,NA,NA,NA,NA,NA,NA,NA,NA,NA,NA,NA,NA,NA,"USGS WERC","TOP PANNEL BLOWN - 1.0 M SQ., 2 BLSP; NW 5-10 KTS, MOSTLY CLEAR - PATCHY FOG, 0 MOON","N",NA
"2004-08-15_SBI_AP","SBI","SBI","AP","Arch Point",33.487622,-119.028535,2004-08-15,2004,8,15,2,2004-08-15 21:36:00,2004-08-16 01:34:00,NA,NA,NA,NA,NA,NA,NA,NA,NA,NA,NA,NA,NA,"USGS WERC","TOP PANNEL BLOWN - 1.0 M SQ., 1 BLSP","N",NA
"2004-08-16_SBI_AP","SBI","SBI","AP","Arch Point",33.487622,-119.028535,2004-08-16,2004,8,16,3,2004-08-16 21:30:00,2004-08-17 01:30:00,NA,NA,NA,NA,NA,NA,NA,NA,NA,NA,NA,NA,NA,"USGS WERC","MINUS 5 MIN., 4 BLSP - CALM","N",NA
"2004-07-18_SBI_ESP","SBI","SBI","ESP","Elephant Seal Point",33.482528,-119.041599,2004-07-18,2004,7,18,1,2004-07-18 21:45:00,2004-07-18 23:49:00,2004-07-19 00:30:00,2004-07-19 01:40:00,2004-07-19 02:00:00,2004-07-19 02:41:00,NA,NA,NA,NA,NA,NA,NA,NA,NA,"USGS WERC","WNW 10 KTS SLIVER MOON, CLEAR","N",NA
"2004-07-19_SBI_ESP","SBI","SBI","ESP","Elephant Seal Point",33.482528,-119.041599,2004-07-19,2004,7,19,2,2004-07-19 21:30:00,2004-07-20 02:30:00,NA,NA,NA,NA,NA,NA,NA,NA,NA,NA,NA,NA,NA,"USGS WERC","MINUS 5 MINUTES VOCAL OFF; W <15 KTS CLEAR, SLIVER MOON SETTING","N",NA
"2004-08-15_SBI_ESP","SBI","SBI","ESP","Elephant Seal Point",33.482528,-119.041599,2004-08-15,2004,8,15,1,2004-08-15 21:03:00,2004-08-16 02:31:00,NA,NA,NA,NA,NA,NA,NA,NA,NA,NA,NA,NA,NA,"USGS WERC","MINUS 2 MINUTES VOCAL OFF, WIND VAR <10KTS, PARTIAL FOG, 0 MOON, 0 WIND > 00:30","N",NA
"2004-08-16_SBI_ESP","SBI","SBI","ESP","Elephant Seal Point",33.482528,-119.041599,2004-08-16,2004,8,16,2,2004-08-16 21:00:00,2004-08-17 02:37:00,NA,NA,NA,NA,NA,NA,NA,NA,NA,NA,NA,NA,NA,"USGS WERC","1 LESP, 6 BLSP, CLEAR PATCHY FOG, 0 MOON WIND W 5 KTS","N",NA
"2004-06-22_SCI_SR","SCI","SR","SR","Scorpion Rock",34.047666,-119.547674,2004-06-22,2004,6,22,1,2004-06-22 21:35:00,2004-06-23 00:17:00,2004-06-23 01:07:00,2004-06-23 01:15:00,2004-06-23 01:59:00,2004-06-23 02:13:00,NA,NA,NA,NA,NA,NA,NA,NA,NA,"USGS WERC",NA,"N",NA
"2004-06-23_SCI_SR","SCI","SR","SR","Scorpion Rock",34.047666,-119.547674,2004-06-23,2004,6,23,2,2004-06-23 21:30:00,2004-06-23 23:33:00,2004-06-24 00:00:00,2004-06-24 00:58:00,2004-06-24 01:24:00,2004-06-24 01:43:00,2004-06-24 02:10:00,2004-06-24 02:31:00,2004-06-24 03:00:00,2004-06-24 03:10:00,NA,NA,NA,NA,NA,"USGS WERC","BRPE knocked net down","N",NA
"2004-06-24_SCI_SR","SCI","SR","SR","Scorpion Rock",34.047666,-119.547674,2004-06-24,2004,6,24,3,2004-06-24 21:30:00,2004-06-24 22:55:00,2004-06-24 23:43:00,2004-06-25 01:00:00,2004-06-25 01:15:00,2004-06-25 01:56:00,NA,NA,NA,NA,NA,NA,NA,NA,NA,"USGS WERC","wind billowing net - moved from SR1 to SR2 (sites grouped in CPUE)","N",NA
"2004-07-21_SCI_SR","SCI","SR","SR","Scorpion Rock",34.047666,-119.547674,2004-07-21,2004,7,21,1,2004-07-21 21:30:00,2004-07-22 00:39:00,2004-07-22 02:35:00,2004-07-22 02:50:00,NA,NA,NA,NA,NA,NA,NA,NA,NA,NA,NA,"USGS WERC","CLEAR 1/5 MOON FOG IN SBCH, WIND NE 7 KTS","N",NA
"2004-07-22_SCI_SR","SCI","SR","SR","Scorpion Rock",34.047666,-119.547674,2004-07-22,2004,7,22,2,2004-07-22 21:30:00,2004-07-23 03:05:00,NA,NA,NA,NA,NA,NA,NA,NA,NA,NA,NA,NA,NA,"USGS WERC","CLEAR WIND WNW 5 KTS, 3/5 MOON SETTING","N",NA
"2004-08-18_SCI_SR","SCI","SR","SR","Scorpion Rock",34.047666,-119.547674,2004-08-18,2004,8,18,1,2004-08-18 20:51:00,2004-08-19 02:31:00,NA,NA,NA,NA,NA,NA,NA,NA,NA,NA,NA,NA,NA,"USGS WERC","1 LESP; 100 OCAST, 0 MOON, WIND W 5KTS","N",NA
"2004-08-19_SCI_SR","SCI","SR","SR","Scorpion Rock",34.047666,-119.547674,2004-08-19,2004,8,19,2,2004-08-19 20:45:00,2004-08-20 02:31:00,NA,NA,NA,NA,NA,NA,NA,NA,NA,"24 x 2.6",NA,NA,"2 CD players","USGS WERC","MOSTLY CLEAR, 0 MOON, WIND WEST 5-10 KTS - 2 NETS, 2 CD PLAYERS SET UP","Y","2 nets open, assumed (2) 12 x 2.6"
"2005-07-08_SBI_AP","SBI","SBI","AP","Arch Point",33.487622,-119.028535,2005-07-08,2005,7,8,1,2005-07-08 21:36:00,2005-07-09 02:36:00,NA,NA,NA,NA,NA,NA,NA,NA,NA,NA,NA,NA,NA,"USGS WERC","8-10 KTS, MARTHA BROWN AND PAIGE MARTIN","N",NA
"2005-07-09_SBI_AP","SBI","SBI","AP","Arch Point",33.487622,-119.028535,2005-07-09,2005,7,9,2,2005-07-09 23:24:00,2005-07-10 03:30:00,NA,NA,NA,NA,NA,NA,NA,NA,NA,NA,NA,NA,NA,"USGS WERC","1 BLSP","N",NA
"2005-07-31_SBI_AP","SBI","SBI","AP","Arch Point",33.487622,-119.028535,2005-07-31,2005,7,31,1,2005-07-31 21:00:00,2005-08-01 02:04:00,NA,NA,NA,NA,NA,NA,NA,NA,NA,NA,NA,NA,NA,"USGS WERC","4 BLSP; WIND 10-15 KTS, THEN CALM BY 0:00; 95% OC","N",NA
"2005-08-01_SBI_AP","SBI","SBI","AP","Arch Point",33.487622,-119.028535,2005-08-01,2005,8,1,2,2005-08-01 21:00:00,2005-08-02 02:04:00,NA,NA,NA,NA,NA,NA,NA,NA,NA,NA,NA,NA,NA,"USGS WERC","1 LESP; 100 OCAST, WNW 5 KTS, CALM AT 22:00","N",NA
"2005-07-08_SBI_ESP","SBI","SBI","ESP","Elephant Seal Point",33.482528,-119.041599,2005-07-08,2005,7,8,1,2005-07-08 21:45:00,2005-07-09 03:00:00,NA,NA,NA,NA,NA,NA,NA,NA,NA,NA,NA,NA,NA,"USGS WERC","MINUS 50 MIN VOCAL OFF; 4 BLSP","N",NA
"2005-07-09_SBI_ESP","SBI","SBI","ESP","Elephant Seal Point",33.482528,-119.041599,2005-07-09,2005,7,9,2,2005-07-09 21:30:00,2005-07-10 03:04:00,NA,NA,NA,NA,NA,NA,NA,NA,NA,NA,NA,NA,NA,"USGS WERC","5 BLSP, 1 LESP; WIND <5KTS; 0:30 - 1:30 WET FOG ROLLING IN","N",NA
"2005-08-02_SBI_ESP","SBI","SBI","ESP","Elephant Seal Point",33.482528,-119.041599,2005-08-02,2005,8,2,1,2005-08-02 21:00:00,2005-08-03 02:04:00,NA,NA,NA,NA,NA,NA,NA,NA,NA,NA,NA,NA,NA,"USGS WERC","7 BLSP, 1 LESP; 100% OC 0 WIND","N",NA
"2005-05-28_SMI_PI","SMI","PI","PI","Prince Island",34.056323,-120.332024,2005-05-28,2005,5,28,1,2005-05-28 22:35:00,2005-05-28 23:00:00,2005-05-28 23:34:00,2005-05-29 02:00:00,NA,NA,NA,NA,NA,NA,NA,NA,NA,NA,NA,"USGS WERC","WIND NW 10-15 OFF PI, 1/2 MOON RISING 1:30 AM","N",NA
"2005-05-29_SMI_PI","SMI","PI","PI","Prince Island",34.056323,-120.332024,2005-05-29,2005,5,29,2,2005-05-29 21:57:00,2005-05-30 02:30:00,NA,NA,NA,NA,NA,NA,NA,NA,NA,NA,NA,NA,NA,"USGS WERC","WIND NW 15-20 KTS OFF PI, CLEAR SKY","N",NA
"2005-07-01_SMI_PI","SMI","PI","PI","Prince Island",34.056323,-120.332024,2005-07-01,2005,7,1,1,2005-07-01 22:23:00,2005-07-02 00:28:00,NA,NA,NA,NA,NA,NA,NA,NA,NA,NA,NA,NA,NA,"USGS WERC","100%OC, WINDS <5KTS VARIABLE","N",NA
"2005-07-02_SMI_PI","SMI","PI","PI","Prince Island",34.056323,-120.332024,2005-07-02,2005,7,2,2,2005-07-02 21:29:00,2005-07-03 02:35:00,NA,NA,NA,NA,NA,NA,NA,NA,NA,NA,NA,NA,NA,"USGS WERC","2 LESP","N",NA
"2005-07-03_SMI_PI","SMI","PI","PI","Prince Island",34.056323,-120.332024,2005-07-03,2005,7,3,3,2005-07-03 21:50:00,2005-07-04 04:00:00,NA,NA,NA,NA,NA,NA,NA,NA,NA,NA,NA,NA,NA,"USGS WERC","1 LESP","N",NA
"2005-08-06_SMI_PI","SMI","PI","PI","Prince Island",34.056323,-120.332024,2005-08-06,2005,8,6,1,2005-08-06 21:00:00,2005-08-07 01:45:00,NA,NA,NA,NA,NA,NA,NA,NA,NA,NA,NA,NA,NA,"USGS WERC","WIND VARIABLE 5 KTS, PARTLY CLDY","N",NA
"2005-08-07_SMI_PI","SMI","PI","PI","Prince Island",34.056323,-120.332024,2005-08-07,2005,8,7,2,2005-08-07 21:00:00,2005-08-08 01:45:00,NA,NA,NA,NA,NA,NA,NA,NA,NA,NA,NA,NA,NA,"USGS WERC","100% OC, CALM","N",NA
"2005-05-31_SCI_SR","SCI","SR","SR","Scorpion Rock",34.047666,-119.547674,2005-05-31,2005,5,31,1,2005-05-31 21:30:00,2005-06-01 02:00:00,NA,NA,NA,NA,NA,NA,NA,NA,NA,NA,NA,NA,NA,"USGS WERC","WIND WNW 10-12 KTS, HAZE MOSTLY CLR FOG BUILDING OVER SCI","N",NA
"2005-06-01_SCI_SR","SCI","SR","SR","Scorpion Rock",34.047666,-119.547674,2005-06-01,2005,6,1,2,2005-06-01 21:30:00,2005-06-02 02:00:00,NA,NA,NA,NA,NA,NA,NA,NA,NA,NA,NA,NA,NA,"USGS WERC","WIND WSW 5 KTS 100%0C - DARK","N",NA
"2005-06-02_SCI_SR","SCI","SR","SR","Scorpion Rock",34.047666,-119.547674,2005-06-02,2005,6,2,3,2005-06-02 21:30:00,2005-06-03 02:00:00,NA,NA,NA,NA,NA,NA,NA,NA,NA,NA,NA,NA,NA,"USGS WERC","WIND LIHGT 5-7 KTS, MOSTLY OVERCAST","N",NA
"2005-07-07_SCI_SR","SCI","SR","SR","Scorpion Rock",34.047666,-119.547674,2005-07-07,2005,7,7,1,2005-07-07 21:32:00,2005-07-08 02:48:00,NA,NA,NA,NA,NA,NA,NA,NA,NA,NA,NA,NA,NA,"USGS WERC","2 CAAU; WIND 5-7 NW CLEAR NO MOON, 0 WIND AT 22:30","N",NA
"2005-07-08_SCI_SR","SCI","SR","SR","Scorpion Rock",34.047666,-119.547674,2005-07-08,2005,7,8,2,2005-07-08 21:35:00,2005-07-09 03:56:00,NA,NA,NA,NA,NA,NA,NA,NA,NA,NA,NA,NA,NA,"USGS WERC","1 CAAU; CLEAR W WIND 10 KTS, 0 WIND AT 0:30","N",NA
"2005-07-09_SCI_SR","SCI","SR","SR","Scorpion Rock",34.047666,-119.547674,2005-07-09,2005,7,9,3,2005-07-09 21:30:00,2005-07-10 03:00:00,NA,NA,NA,NA,NA,NA,NA,NA,NA,NA,NA,NA,NA,"USGS WERC","1/8 MOON SETTING, W 7KTS, WIND 15 KTS AT 0:00, 0 WIND 1:40","N",NA
"2005-08-09_SCI_SR","SCI","SR","SR","Scorpion Rock",34.047666,-119.547674,2005-08-09,2005,8,9,1,2005-08-09 21:00:00,2005-08-10 02:02:00,NA,NA,NA,NA,NA,NA,NA,NA,NA,NA,NA,NA,NA,"USGS WERC","MINUS 7 MIN TO CHANGE BATTS; 1/4 MOON SETTING, <5KTS, 50% OC","N",NA
"2005-08-10_SCI_SR","SCI","SR","SR","Scorpion Rock",34.047666,-119.547674,2005-08-10,2005,8,10,1,2005-08-10 20:56:00,2005-08-11 01:49:00,NA,NA,NA,NA,NA,NA,NA,NA,NA,NA,NA,NA,NA,"USGS WERC","3/8 MOON BROKEN OC, NW 5KTS","N",NA
"2006-04-29_SCI_SR","SCI","SR","SR","Scorpion Rock",34.047666,-119.547674,2006-04-29,2006,4,29,1,2006-04-29 21:00:00,2006-04-30 02:01:00,NA,NA,NA,NA,NA,NA,NA,NA,NA,NA,NA,NA,NA,"USGS WERC","PRTLT CLDY TO CLR, 10-12 KTS NW, 5 ANCHOR LIGHTS, 0 MOON, 2153 FIRST VOCAL","N",NA
"2006-04-30_SCI_SR","SCI","SR","SR","Scorpion Rock",34.047666,-119.547674,2006-04-30,2006,4,30,2,2006-04-30 21:00:00,2006-05-01 02:00:00,NA,NA,NA,NA,NA,NA,NA,NA,NA,NA,NA,NA,NA,"USGS WERC","OVERCAST - FOGGY, VAR 5KTS, 0 BOATS, 2110 FIRST VOCAL, CAUGHT BAOW","N",NA
"2006-06-02_SCI_SR","SCI","SR","SR","Scorpion Rock",34.047666,-119.547674,2006-06-02,2006,6,2,1,2006-06-02 22:30:00,2006-06-03 03:00:00,NA,NA,NA,NA,NA,NA,NA,NA,NA,NA,NA,NA,NA,"USGS WERC","2 CAAU; 1/3 MOON, PTLY CLDY, BRIGHT, NW10-12, GUST15, MANY XAMU VOCALIZING NEAR SR, 2312 FIRST VOCAL","N",NA
"2006-06-03_SCI_SR","SCI","SR","SR","Scorpion Rock",34.047666,-119.547674,2006-06-03,2006,6,3,2,2006-06-03 22:30:00,2006-06-04 03:00:00,NA,NA,NA,NA,NA,NA,NA,NA,NA,NA,NA,NA,NA,"USGS WERC","40% MOON, CLEAR AND BRIGHT, 10-15 KTS GUSTY, MOONSET 01:25, WIND DEAD AT 2:05, XAMU CALLING, 2244 FIRST VOCAL","N",NA
"2006-06-28_SCI_SR","SCI","SR","SR","Scorpion Rock",34.047666,-119.547674,2006-06-28,2006,6,28,1,2006-06-28 21:30:00,2006-06-29 02:00:00,NA,NA,NA,NA,NA,NA,NA,NA,NA,NA,NA,NA,NA,"USGS WERC","BRPE FLEW THROUGH 2ND PANNEL UP - GAPING HOLE, WIND EAST <5 KTS, CLEAR SLIVER MON SETTING, 2143 FIRST PETREL SEEN, DARK STARY NIGHT, WIND <5 KTS THROUGHOUT","N",NA
"2006-06-29_SCI_SR","SCI","SR","SR","Scorpion Rock",34.047666,-119.547674,2006-06-29,2006,6,29,2,2006-06-29 21:30:00,2006-06-29 23:15:00,NA,NA,NA,NA,NA,NA,NA,NA,NA,NA,NA,NA,NA,"USGS WERC","WINDY, CLEAR AND STARY, MOON 1/5, WNW 10KTS","N",NA
"2006-07-26_SCI_SR","SCI","SR","SR","Scorpion Rock",34.047666,-119.547674,2006-07-26,2006,7,26,1,2006-07-26 21:00:00,2006-07-27 02:03:00,NA,NA,NA,NA,NA,NA,NA,NA,NA,NA,NA,NA,NA,"USGS WERC","100% CLOUDS, LOW FOG, WNW <10KTS, STARS OUT 01:15 - CALM","N",NA
"2006-07-27_SCI_SR","SCI","SR","SR","Scorpion Rock",34.047666,-119.547674,2006-07-27,2006,7,27,2,2006-07-27 21:00:00,2006-07-28 02:00:00,NA,NA,NA,NA,NA,NA,NA,NA,NA,NA,NA,NA,NA,"USGS WERC","WNW <10KTS, PATCHY FOG, SLIVER MOON SETTING, 5 BOATS ANCHORED CITY LIGHTS, 00:15 CLOUD COVER","N",NA
"2007-06-18_SMI_PI","SMI","PI","PI","Prince Island",34.056323,-120.332024,2007-06-18,2007,6,18,1,2007-06-18 21:30:00,2007-06-19 01:30:00,NA,NA,NA,NA,NA,NA,NA,NA,NA,NA,NA,NA,NA,"USGS WERC","CLEAR 2/5 MOON, <5KTS, David Mazurkiewicz","N",NA
"2009-04-23_SBI_ESP","SBI","SBI","ESP","Elephant Seal Point",33.482528,-119.041599,2009-04-23,2009,4,23,1,2009-04-23 21:44:00,2009-04-24 00:05:00,2009-04-24 00:05:00,2009-04-24 01:00:00,NA,NA,NA,NA,NA,NA,38,"9 x 2.6","Multiple",NA,NA,"Calif. Institute of Env'l Studies (CIES)/Channel Islands National Park (CHIS)","Net in front of large crevice where netted in 1991. Netted from 20:30 to 21:44 without ASSP calls.","Y","Switched to BLSP calls @ net_open_2 to net_close_2. BNOW calling 0:45."
"2009-05-14_SBI_ESP","SBI","SBI","ESP","Elephant Seal Point",33.482528,-119.041599,2009-05-14,2009,5,14,1,2009-05-14 21:52:00,2009-05-15 01:00:00,NA,NA,NA,NA,NA,NA,NA,NA,38,"9 x 2.6","ASSP",NA,"CD player","Calif. Institute of Env'l Studies (CIES)/Channel Islands National Park (CHIS)","Playing ASSP CD. 25 bounce-outs.Unknown band prefix.","N",NA
"2009-05-16_SBI_ESP","SBI","SBI","ESP","Elephant Seal Point",33.482528,-119.041599,2009-05-16,2009,5,16,2,2009-05-16 20:45:00,2009-05-17 00:02:00,2009-05-17 00:02:00,2009-05-17 00:45:00,2009-05-17 00:45:00,2009-05-17 00:58:00,NA,NA,NA,NA,38,"9 x 2.6","Multiple",NA,"CD player","Calif. Institute of Env'l Studies (CIES)/Channel Islands National Park (CHIS)","2 bounce-outs at 21:08. Switched to BLSP CD at 0:02, switched back to ASSP 0:45. ","Y","Changing vocalization playback"
"2009-06-24_SBI_ESP","SBI","SBI","ESP","Elephant Seal Point",33.482528,-119.041599,2009-06-24,2009,6,24,1,2009-06-24 22:10:00,2009-06-25 01:00:00,NA,NA,NA,NA,NA,NA,NA,NA,38,"9 x 2.6","ASSP",NA,"CD player","Calif. Institute of Env'l Studies (CIES)/Channel Islands National Park (CHIS)","Relaxed wing measurement, ASSP CD on.","N",NA
"2009-07-28_SBI_ESP","SBI","SBI","ESP","Elephant Seal Point",33.482528,-119.041599,2009-07-28,2009,7,28,1,2009-07-28 22:00:00,2009-07-29 01:03:00,2009-07-29 01:03:00,2009-07-29 01:30:00,NA,NA,NA,NA,NA,NA,38,"9 x 2.6","Multiple",NA,NA,"Calif. Institute of Env'l Studies (CIES)/Channel Islands National Park (CHIS)","ASSP vocals on at first; net_open_2 to net_close_2 BLSP vocals on","Y","Changing vocalization playback"
"2009-08-22_SBI_ESP","SBI","SBI","ESP","Elephant Seal Point",33.482528,-119.041599,2009-08-22,2009,8,22,1,2009-08-22 21:55:00,2009-08-22 23:55:00,2009-08-22 23:58:00,2009-08-23 01:10:00,NA,NA,NA,NA,NA,NA,38,"9 x 2.6","ASSP",NA,"CD player","Calif. Institute of Env'l Studies (CIES)/Channel Islands National Park (CHIS)","Unknown CD on (likely ASSP).","N",NA
"2009-06-29_SBI_NCliffs","SBI","SBI","NCliffs","North Cliffs",33.488461,-119.030192,2009-06-29,2009,6,29,1,2009-06-29 22:00:00,2009-06-29 23:50:00,NA,NA,NA,NA,NA,NA,NA,NA,38,"9 x 2.6","ASSP",NA,"CD player","Calif. Institute of Env'l Studies (CIES)/Channel Islands National Park (CHIS)","Netting at AP (Cliffs north of weather station); ended early due to wind. Used ASSP CD.","N",NA
"2009-07-26_SBI_SP","SBI","SBI","SP","Signal Peak",33.471906,-119.041719,2009-07-26,2009,7,26,1,2009-07-26 22:00:00,2009-07-27 01:00:00,2009-07-27 01:00:00,2009-07-27 01:30:00,2009-07-27 01:30:00,2009-07-27 02:00:00,NA,NA,NA,NA,38,"9 x 2.6","Multiple",NA,"CD player","Calif. Institute of Env'l Studies (CIES)/Channel Islands National Park (CHIS)","ASSP CD on; BNOW circled 23:40; net_open_2 to net_close_2 BLSP CD on; net_open_3 to net_close_3 LESP CD on.","Y","Changing vocalization playback. "
"2009-06-27_SBI_SRO","SBI","SBI","SRO","Shag Rock Overlook",33.484214,-119.034674,2009-06-27,2009,6,27,1,2009-06-27 21:00:00,2009-06-27 23:00:00,2009-06-27 23:00:00,2009-06-27 23:15:00,2009-06-27 23:15:00,2009-06-28 00:00:00,2009-06-28 00:00:00,2009-06-28 00:30:00,2009-06-28 00:30:00,2009-06-28 01:00:00,38,"9 x 2.6","Multiple",NA,"CD player","Calif. Institute of Env'l Studies (CIES)/Channel Islands National Park (CHIS)","ASSP CD on, netting at SR Bench in bowl; net_open_2 to net_close_2 no playback; net_open_3 to net_close_3 ASSP CD on; net_open_4 to net_close_4 BLSP CD on; net_open_5 to net_close_5 unknown audio playback.","Y","Changing vocalization playback"
"2009-07-28_SBI_SRO","SBI","SBI","SRO","Shag Rock Overlook",33.484214,-119.034674,2009-07-28,2009,7,28,1,2009-07-28 22:00:00,2009-07-29 01:08:00,NA,NA,NA,NA,NA,NA,NA,NA,38,"9 x 2.6",NA,NA,"CD player","Calif. Institute of Env'l Studies (CIES)/Channel Islands National Park (CHIS)","Band prefix unknown. BNOW vocalized 23:59. CD used, but vocalization unknown. 100g scale was sticky but ok compared to 300g.","N",NA
"2009-08-19_SBI_SRO","SBI","SBI","SRO","Shag Rock Overlook",33.484214,-119.034674,2009-08-19,2009,8,19,1,2009-08-19 22:00:00,2009-08-20 00:00:00,2009-08-20 00:00:00,2009-08-20 00:25:00,NA,NA,NA,NA,NA,NA,38,"9 x 2.6","Multiple",NA,"CD player","Calif. Institute of Env'l Studies (CIES)/Channel Islands National Park (CHIS)","Unknown CD on (likely ASSP) at first; net_open_2 to net_close_2 BLSP CD on.","Y","Changing vocalization playback."
"2009-04-23_SBI_Sutil","SBI","Sutil","Sutil","Sutil Island",33.464653,-119.049628,2009-04-23,2009,4,23,1,2009-04-23 20:00:00,2009-04-24 00:40:00,NA,NA,NA,NA,NA,NA,NA,NA,38,"9 x 2.6","None",NA,NA,"Calif. Institute of Env'l Studies (CIES)/Channel Islands National Park (CHIS)","Mist-netting in potential CAAU habitat. Did not appear to use vocalizations. Did not band ASSP; therefore, same night recaps UNK. ""Mist-net is too long and too wide; see about 3-tier nets.""","Y","CAAU work"
"2010-04-15_SCI_DR","SCI","DR","DR","Diablo Rock",34.058036,-119.766572,2010-04-15,2010,4,15,1,2010-04-16 00:35:00,2010-04-16 02:10:00,NA,NA,NA,NA,NA,NA,NA,NA,NA,NA,NA,NA,NA,"Calif. Institute of Env'l Studies (CIES)/Channel Islands National Park (CHIS)","Bill McIver has rest of data for 2010 (?)","N",NA
"2010-06-07_SBI_NTP","SBI","SBI","NTP","Nature Trail Plot",33.480059,-119.028972,2010-06-07,2010,6,7,1,2010-06-07 22:30:00,2010-06-07 23:00:00,2010-06-07 23:00:00,2010-06-07 23:35:00,NA,NA,NA,NA,NA,NA,38,"6 x 2.6","Multiple",NA,"CD player","Calif. Institute of Env'l Studies (CIES)/Channel Islands National Park (CHIS)","ASSP CD on first; net_open_2 to net_close_2 BLSP CD on. Short net used. At Marker #7.","Y","Changing vocalization playback."
"2010-06-04_SBI_SRO","SBI","SBI","SRO","Shag Rock Overlook",33.484214,-119.034674,2010-06-04,2010,6,4,1,2010-06-04 21:55:00,2010-06-05 01:00:00,NA,NA,NA,NA,NA,NA,NA,NA,38,"9 x 2.6","ASSP",NA,"CD player","Calif. Institute of Env'l Studies (CIES)/Channel Islands National Park (CHIS)","Used CD player, unknown audio file, likely ASSP. Tried to switch to BLSP CD at 01:00 but both (2) CD players not working. 8-9  ""misses"" at 22:45. ","N",NA
"2010-06-05_SBI_SRO","SBI","SBI","SRO","Shag Rock Overlook",33.484214,-119.034674,2010-06-05,2010,6,5,2,2010-06-05 22:05:00,2010-06-06 00:00:00,2010-06-06 00:00:00,2010-06-06 00:15:00,2010-06-06 00:15:00,2010-06-06 01:00:00,NA,NA,NA,NA,38,"9 x 2.6","Multiple",NA,"CD player","Calif. Institute of Env'l Studies (CIES)/Channel Islands National Park (CHIS)","Unknown CD used (likely ASSP) at first; net_open_2 to net_close_2 BLSP CD on; net_open_3 to net_close_3 LESP CD on.","Y","Changing vocalization playback. "
"2010-07-08_SBI_SRO","SBI","SBI","SRO","Shag Rock Overlook",33.484214,-119.034674,2010-07-08,2010,7,8,1,2010-07-08 22:04:00,2010-07-08 23:26:00,2010-07-08 23:33:00,2010-07-09 01:02:00,2010-07-09 01:02:00,2010-07-09 01:31:00,NA,NA,NA,NA,38,"9 x 2.6","Multiple",NA,"CD player","Calif. Institute of Env'l Studies (CIES)/Channel Islands National Park (CHIS)","Unknown CD on, likely ASSP. 3 poles used. Closed net briefly 23:26 due to wind. ","Y","Changing vocalization playback."
"2010-07-10_SBI_SRO","SBI","SBI","SRO","Shag Rock Overlook",33.484214,-119.034674,2010-07-10,2010,7,10,2,2010-07-10 22:01:00,2010-07-11 01:00:00,2010-07-11 01:00:00,2010-07-11 01:34:00,NA,NA,NA,NA,NA,NA,38,"9 x 2.6","Multiple",NA,"CD player","Calif. Institute of Env'l Studies (CIES)/Channel Islands National Park (CHIS)","Unknown CD on, likely ASSP from net_open_1 to net_close_1. LESP CD on from net_open_2 to net_close_2. 3 poles used. BNOW flying around and calling.","Y","Changing vocalization playback."
"2011-06-26_ANI_CC","ANI","EAI","CC","Cathedral Cove",34.014197,-119.371283,2011-06-26,2011,6,26,1,2011-06-26 21:36:00,2011-06-27 00:42:00,2011-06-27 00:42:00,2011-06-27 02:53:00,NA,NA,NA,NA,NA,NA,38,"9 x 2.6","ASSP",NA,"Multiple","Calif. Institute of Env'l Studies (CIES)/Channel Islands National Park (CHIS)","Net site #6 in Harry Carter's map. Start with mp3, speakers died 0:42. BNOW flying around. Switched to stereo for net_open_2, CD briefly stopped 0:46. ","N",NA
"2011-06-26_ANI_EAI_N","ANI","EAI","EAI_N","EAI North side, dock area",34.016411,-119.362333,2011-06-26,2011,6,26,1,2011-06-26 21:30:00,2011-06-27 00:33:00,NA,NA,NA,NA,NA,NA,NA,NA,38,"9 x 2.6","ASSP",NA,NA,"Calif. Institute of Env'l Studies (CIES)/Channel Islands National Park (CHIS)","Unknown vocals, likely ASSP. Can see light from ranger house and Lighthouse. Mucho viento, ~15-20 kts and chilly. Sound stopped 0:33, CD player also not working.","N",NA
"2011-07-28_ANI_EAI_S","ANI","EAI","EAI_S","EAI South Ridge",34.014217,-119.365644,2011-07-28,2011,7,28,1,2011-07-28 21:04:00,2011-07-29 01:00:00,NA,NA,NA,NA,NA,NA,NA,NA,38,"9 x 2.6","ASSP",NA,"MP3, CD player","Calif. Institute of Env'l Studies (CIES)/Channel Islands National Park (CHIS)","Netting 60m west of water catchment. Much ambient light, stars, mainland, light house. Several petrels flew around.","N",NA
"2011-06-30_SBI_ESP","SBI","SBI","ESP","Elephant Seal Point",33.482528,-119.041599,2011-06-30,2011,6,30,1,2011-06-30 22:00:00,2011-07-01 01:00:00,2011-07-01 01:00:00,2011-07-01 01:33:00,NA,NA,NA,NA,NA,NA,38,"9 x 2.6","Multiple",NA,NA,"Calif. Institute of Env'l Studies (CIES)/Channel Islands National Park (CHIS)","ASSP vocals on at first; net_open_2 to net_close_2 BLSP vocals on","Y","Changing vocalization playback."
"2011-07-05_SBI_ESP","SBI","SBI","ESP","Elephant Seal Point",33.482528,-119.041599,2011-07-05,2011,7,5,2,2011-07-05 22:00:00,2011-07-06 01:00:00,NA,NA,NA,NA,NA,NA,NA,NA,38,"9 x 2.6","ASSP",NA,NA,"Calif. Institute of Env'l Studies (CIES)/Channel Islands National Park (CHIS)",NA,"N",NA
"2011-07-29_SBI_ESP","SBI","SBI","ESP","Elephant Seal Point",33.482528,-119.041599,2011-07-29,2011,7,29,1,2011-07-29 22:00:00,2011-07-30 01:00:00,NA,NA,NA,NA,NA,NA,NA,NA,38,"9 x 2.6","ASSP",NA,NA,"Calif. Institute of Env'l Studies (CIES)/Channel Islands National Park (CHIS)",NA,"N",NA
"2011-08-27_SBI_ESP","SBI","SBI","ESP","Elephant Seal Point",33.482528,-119.041599,2011-08-27,2011,8,27,1,2011-08-27 22:00:00,2011-08-28 01:00:00,NA,NA,NA,NA,NA,NA,NA,NA,30,"9 x 2.6","ASSP",NA,NA,"Calif. Institute of Env'l Studies (CIES)/Channel Islands National Park (CHIS)",NA,"N",NA
"2011-08-29_SBI_ESP","SBI","SBI","ESP","Elephant Seal Point",33.482528,-119.041599,2011-08-29,2011,8,29,2,2011-08-29 22:00:00,2011-08-30 01:00:00,NA,NA,NA,NA,NA,NA,NA,NA,30,"9 x 2.6","ASSP",NA,"iPod","Calif. Institute of Env'l Studies (CIES)/Channel Islands National Park (CHIS)",NA,"N",NA
"2011-06-24_ANI_FC","ANI","WAI","FC","Frenchy's Beach",34.007333,-119.411358,2011-06-24,2011,6,24,1,2011-06-24 21:10:00,2011-06-25 01:10:00,2011-06-25 01:13:00,2011-06-25 02:07:00,NA,NA,NA,NA,NA,NA,30,"18 x 2.6 ","Multiple",NA,NA,"Calif. Institute of Env'l Studies (CIES)/Channel Islands National Park (CHIS)","Used 2 nets at Frenchy's Cove that night. Net set up on north beach towards west side. Another net up slope and to the east. ","Y","Used 2 nets at Frenchy's Cove that night. Net set up on north beach towards west side. Another net up slope and to the east. Changing vocalization playback."
"2011-07-03_SBI_NCliffs","SBI","SBI","NCliffs","North Cliffs",33.488461,-119.030192,2011-07-03,2011,7,3,1,2011-07-03 22:20:00,2011-07-04 00:00:00,2011-07-04 00:00:00,2011-07-04 00:52:00,2011-07-04 00:52:00,2011-07-04 01:45:00,NA,NA,NA,NA,38,"9 x 2.6","Multiple",NA,NA,"Calif. Institute of Env'l Studies (CIES)/Channel Islands National Park (CHIS)","Netting at cliffs below weather station. BLSP vocals on net_open_1 to net_close_1. LESP vocals on net_open_2 to net_close_2. BLSP vocals on net_open_3 to net_close_3.","Y","Changing vocalization playback."
"2011-07-27_SBI_NCliffs","SBI","SBI","NCliffs","North Cliffs",33.488461,-119.030192,2011-07-27,2011,7,27,1,2011-07-27 22:00:00,2011-07-28 01:01:00,NA,NA,NA,NA,NA,NA,NA,NA,38,"9 x 2.6","ASSP",NA,"iPod","Calif. Institute of Env'l Studies (CIES)/Channel Islands National Park (CHIS)","Netting below and east of weather station near XAMU nest 1301.","N",NA
"2011-07-26_ANI_RC","ANI","MAI","RC","Rockfall Cove",34.003147,-119.391792,2011-07-26,2011,7,26,1,2011-07-26 20:53:00,2011-07-27 01:00:00,NA,NA,NA,NA,NA,NA,NA,NA,38,"9 x 2.6","ASSP",NA,"MP3, CD player","Calif. Institute of Env'l Studies (CIES)/Channel Islands National Park (CHIS)","Will run mp3 @ net and CD player a bit farther S. facing out to sea. Using standard net 38mm, 2.6 x 9 m, 4 shelves (all netting so far this year unless otherwise noted). ","N",NA
"2011-07-04_SBI_SP","SBI","SBI","SP","Signal Peak",33.471906,-119.041719,2011-07-04,2011,7,4,1,2011-07-04 22:00:00,2011-07-05 01:02:00,NA,NA,NA,NA,NA,NA,NA,NA,38,"9 x 2.6","ASSP",NA,NA,"Calif. Institute of Env'l Studies (CIES)/Channel Islands National Park (CHIS)","A lot of BNOWs in the area.","N",NA
"2011-06-04_SBI_SRO","SBI","SBI","SRO","Shag Rock Overlook",33.484214,-119.034674,2011-06-04,2011,6,4,1,2011-06-04 22:00:00,2011-06-05 01:05:00,NA,NA,NA,NA,NA,NA,NA,NA,38,"9 x 2.6",NA,NA,NA,"Calif. Institute of Env'l Studies (CIES)/Channel Islands National Park (CHIS)","Heard BLSP and pissed off BNOW west, down to lower NPK.","N",NA
"2011-07-01_SBI_SRO","SBI","SBI","SRO","Shag Rock Overlook",33.484214,-119.034674,2011-07-01,2011,7,1,1,2011-07-01 22:00:00,2011-07-02 01:00:00,2011-07-02 01:00:00,2011-07-02 01:34:00,NA,NA,NA,NA,NA,NA,38,"9 x 2.6","Multiple",NA,NA,"Calif. Institute of Env'l Studies (CIES)/Channel Islands National Park (CHIS)","BNOW seen/heard frequently in area. ASSP vocals on for net_open_1 to net_close_1. BLSP vocals on for net_open_2 to net_close_2.","Y","Changing vocalization playback."
"2011-07-02_SBI_SRO","SBI","SBI","SRO","Shag Rock Overlook",33.484214,-119.034674,2011-07-02,2011,7,2,2,2011-07-02 22:15:00,2011-07-03 01:14:00,2011-07-03 01:14:00,2011-07-03 01:58:00,2011-07-03 01:58:00,2011-07-03 02:36:00,NA,NA,NA,NA,38,"9 x 2.6","Multiple",NA,NA,"Calif. Institute of Env'l Studies (CIES)/Channel Islands National Park (CHIS)","Re-tared pesola at 1:26, it was wet & had gained 3 grams. ASSP vocals on net_open_1 to net_close_1. BLSP vocals on net_open_2 to net_close_2. LESP vocals on net_open_3 to net_close_3.","Y","Changing vocalization playback."
"2011-07-28_SBI_SRO","SBI","SBI","SRO","Shag Rock Overlook",33.484214,-119.034674,2011-07-28,2011,7,28,1,2011-07-28 22:00:00,2011-07-29 01:00:00,NA,NA,NA,NA,NA,NA,NA,NA,38,"9 x 2.6","ASSP",NA,"iPod","Calif. Institute of Env'l Studies (CIES)/Channel Islands National Park (CHIS)","BNOW around.","N",NA
"2012-06-16_ANI_FC","ANI","WAI","FC","Frenchy's Beach",34.007333,-119.411358,2012-06-16,2012,6,16,1,2012-06-16 21:40:00,2012-06-17 01:50:00,2012-06-17 01:50:00,2012-06-17 02:20:00,NA,NA,NA,NA,NA,NA,30,"9 x 2.6","Multiple",NA,"CD player","Calif. Institute of Env'l Studies (CIES)/Channel Islands National Park (CHIS)","Speakers standardized to HRC CD player. ASSP vocals on net_open_1 to net_close_1. BLSP vocals on net_open_2 to net_close_2.","Y","Changing vocalization playback."
"2014-07-05_SBI_AP","SBI","SBI","AP","Arch Point",33.487622,-119.028535,2014-07-05,2014,7,5,1,2014-07-05 21:00:00,2014-07-06 01:00:00,NA,NA,NA,NA,NA,NA,NA,NA,30,NA,"Multiple",NA,"Triangle speaker connected to iPod","Calif. Institute of Env'l Studies (CIES)/Channel Islands National Park (CHIS)","On arch, 1 net. Used vocalization start/end for net open/closed. Ran out of bands at end of night, same night recaps UNK.","Y","Changing vocalization playback."
"2014-07-06_SBI_AP","SBI","SBI","AP","Arch Point",33.487622,-119.028535,2014-07-06,2014,7,6,2,2014-07-06 20:55:00,2014-07-07 00:29:00,NA,NA,NA,NA,NA,NA,NA,NA,30,"18 x 2.6 ","Multiple",NA,"Triangle speaker connected to iPod","Calif. Institute of Env'l Studies (CIES)/Channel Islands National Park (CHIS)","2 nets used. Used vocalization start/end for net open/closed. No net close time recorded, only capture at 00:29, used as end time.","Y","Changing vocalization playback."
"2014-07-20_SBI_AP","SBI","SBI","AP","Arch Point",33.487622,-119.028535,2014-07-20,2014,7,20,1,2014-07-20 23:22:00,2014-07-21 02:10:00,2014-07-21 02:30:00,2014-07-21 04:26:00,NA,NA,NA,NA,NA,NA,NA,NA,NA,NA,NA,"Calif. Institute of Env'l Studies (CIES)/Channel Islands National Park (CHIS)","1 net, middle Arch, speaker to south. Call back off 02:10-02:30.","N",NA
"2014-08-21_SBI_AP","SBI","SBI","AP","Arch Point",33.487622,-119.028535,2014-08-21,2014,8,21,1,2014-08-21 23:04:00,2014-08-22 00:16:00,2014-08-22 00:26:00,2014-08-22 02:10:00,NA,NA,NA,NA,NA,NA,NA,NA,NA,NA,NA,"Calif. Institute of Env'l Studies (CIES)/Channel Islands National Park (CHIS)","1 net speaker east on Arch. Paused callback 00:16-00:26 due to BNOW.","N",NA
"2014-07-02_SBI_ESP","SBI","SBI","ESP","Elephant Seal Point",33.482528,-119.041599,2014-07-02,2014,7,2,1,2014-07-02 21:00:00,2014-07-03 01:00:00,NA,NA,NA,NA,NA,NA,NA,NA,30,"18 x 2.6 ","Multiple",NA,"Triangle speaker connected to iPod","Calif. Institute of Env'l Studies (CIES)/Channel Islands National Park (CHIS)","Net on terrace of westside of Eseal Cove. Used 2 nets. Used vocalization start/end for net open/closed.","Y","Changing vocalization playback."
"2014-07-04_SBI_ESP","SBI","SBI","ESP","Elephant Seal Point",33.482528,-119.041599,2014-07-04,2014,7,4,2,2014-07-04 21:00:00,2014-07-05 01:10:00,NA,NA,NA,NA,NA,NA,NA,NA,30,NA,"Multiple",NA,"Triangle speaker connected to iPod","Calif. Institute of Env'l Studies (CIES)/Channel Islands National Park (CHIS)","Net on terrace west side of Eseal Cove. 1 net used. Used vocalization start/end for net open/closed.","Y","Changing vocalization playback."
"2014-07-16_SBI_ESP","SBI","SBI","ESP","Elephant Seal Point",33.482528,-119.041599,2014-07-16,2014,7,16,1,2014-07-16 21:50:00,2014-07-17 00:00:00,NA,NA,NA,NA,NA,NA,NA,NA,30,"18 x 2.6 ",NA,NA,"Triangle speaker connected to iPod","Calif. Institute of Env'l Studies (CIES)/Channel Islands National Park (CHIS)","2 nets, 2 speakers. Assumed 0 bounce-outs , none mentioned.","N",NA
"2014-07-17_SBI_ESP","SBI","SBI","ESP","Elephant Seal Point",33.482528,-119.041599,2014-07-17,2014,7,17,2,2014-07-17 21:35:00,2014-07-18 02:43:00,NA,NA,NA,NA,NA,NA,NA,NA,30,"18 x 2.6 ",NA,NA,"CD player with bullhorn speaker","Calif. Institute of Env'l Studies (CIES)/Channel Islands National Park (CHIS)","2 nets, 1 call back CD player in middle. Assumed 0 bounce-outs, none mentioned.","N",NA
"2014-08-08_SBI_ESP","SBI","SBI","ESP","Elephant Seal Point",33.482528,-119.041599,2014-08-08,2014,8,8,1,2014-08-08 23:35:00,2014-08-09 03:30:00,NA,NA,NA,NA,NA,NA,NA,NA,NA,NA,NA,NA,NA,"Calif. Institute of Env'l Studies (CIES)/Channel Islands National Park (CHIS)","1 net, too much light in the sky for ASSP it seems.","N",NA
"2014-07-12_SCI_HT","SCI","SR","HT","HighTerrace",34.04733,-119.546765,2014-07-12,2014,7,12,1,2014-07-12 21:19:00,2014-07-13 01:40:00,NA,NA,NA,NA,NA,NA,NA,NA,NA,NA,"ASSP",NA,NA,"Calif. Institute of Env'l Studies (CIES)/Channel Islands National Park (CHIS)","Assumed 0 bounce-outs , none mentioned.","N",NA
"2014-07-11_SCI_LSH","SCI","SCI","LSH","Little Scorpion Headland",34.044894,-119.546629,2014-07-11,2014,7,11,1,2014-07-11 21:20:00,2014-07-11 22:50:00,2014-07-11 23:20:00,2014-07-12 03:00:00,NA,NA,NA,NA,NA,NA,NA,NA,"ASSP",NA,NA,"Calif. Institute of Env'l Studies (CIES)/Channel Islands National Park (CHIS)","Used 1 net. NW swell 2-5ft. Wx 5-10 kts NW, clear, ~65 degrees, full moon.","N",NA
"2014-07-25_SCI_LSH","SCI","SCI","LSH","Little Scorpion Headland",34.044894,-119.546629,2014-07-25,2014,7,25,1,2014-07-25 21:15:00,2014-07-26 00:09:00,NA,NA,NA,NA,NA,NA,NA,NA,NA,NA,"ASSP",NA,NA,"Calif. Institute of Env'l Studies (CIES)/Channel Islands National Park (CHIS)","1 net. Used last capture time as net close time (did not record). Wx foggy 80% NW wind 6-10 kts, 1-2 ft swell, new moon.","N",NA
"2014-07-19_SBI_NTP","SBI","SBI","NTP","Nature Trail Plot",33.480059,-119.028972,2014-07-19,2014,7,19,1,2014-07-19 21:16:00,2014-07-19 22:04:00,2014-07-19 22:04:00,2014-07-19 22:20:00,2014-07-19 22:20:00,2014-07-19 22:43:00,2014-07-19 22:43:00,2014-07-19 23:43:00,2014-07-19 23:43:00,2014-07-20 01:15:00,NA,NA,NA,NA,"Multiple","Calif. Institute of Env'l Studies (CIES)/Channel Islands National Park (CHIS)","Single net, single speaker in center. Switched to iPod at 22:04, changed batteries, start CD player 22:20, at 22:43 used iPod. At 23:43 used CD player. Assumed 0 bounce-outs.","N",NA
"2014-06-23_SCI_SR","SCI","SR","SR","Scorpion Rock",34.047666,-119.547674,2014-06-23,2014,6,23,1,2014-06-23 22:30:00,2014-06-24 02:30:00,NA,NA,NA,NA,NA,NA,NA,NA,NA,NA,NA,NA,NA,"Calif. Institute of Env'l Studies (CIES)/Channel Islands National Park (CHIS)","Net at lower terrace of SE side of Scorpion Rock. Many ASSP seen flying just above net, several bounced out [no # specified]. Used vocalization start/end for net open/closed.","N",NA
"2014-07-07_SBI_SRO","SBI","SBI","SRO","Shag Rock Overlook",33.484214,-119.034674,2014-07-07,2014,7,7,1,2014-07-07 21:20:00,2014-07-08 02:00:00,NA,NA,NA,NA,NA,NA,NA,NA,30,"18 x 2.6 ","Multiple",NA,"Triangle speaker connected to iPod","Calif. Institute of Env'l Studies (CIES)/Channel Islands National Park (CHIS)","2 nets used. Did not band any ASSP; therefore, same night recaps UNK.","Y","Changing vocalization playback."
"2014-08-22_SBI_SRO","SBI","SBI","SRO","Shag Rock Overlook",33.484214,-119.034674,2014-08-22,2014,8,22,1,2014-08-22 22:57:00,2014-08-23 01:57:00,NA,NA,NA,NA,NA,NA,NA,NA,NA,NA,NA,NA,"CD player with bullhorn speaker","Calif. Institute of Env'l Studies (CIES)/Channel Islands National Park (CHIS)","1 net at Shag Rock Overlook Bench, Josh Adams CD player. Move to Peninsula N of Shag Overlook at ~-1:00.","N",NA
"2015-06-12_SBI_AP","SBI","SBI","AP","Arch Point",33.487622,-119.028535,2015-06-12,2015,6,12,1,2015-06-12 21:15:00,2015-06-13 02:00:00,NA,NA,NA,NA,NA,NA,NA,NA,NA,"12 x 2.6","ASSP","<100","Triangular speakers with iPod.","Calif. Institute of Env'l Studies (CIES)/Channel Islands National Park (CHIS)","Speaker dB max at 99.7dB, change speaker at 23:50","N",NA
"2015-07-09_SBI_AP","SBI","SBI","AP","Arch Point",33.487622,-119.028535,2015-07-09,2015,7,9,1,2015-07-09 20:11:00,2015-07-10 01:43:00,NA,NA,NA,NA,NA,NA,NA,NA,NA,"12 x 2.6","ASSP","~100","Triangular speakers with iPod.","Calif. Institute of Env'l Studies (CIES)/Channel Islands National Park (CHIS)","No end time recorded, used last capture time for end time. Poss BNOW heard at 22:10.","N",NA
"2015-07-23_SBI_AP","SBI","SBI","AP","Arch Point",33.487622,-119.028535,2015-07-23,2015,7,23,1,2015-07-23 21:00:00,2015-07-24 02:00:00,NA,NA,NA,NA,NA,NA,NA,NA,38,"12 x 2.6","ASSP","~100","Triangular speakers with iPod.","Calif. Institute of Env'l Studies (CIES)/Channel Islands National Park (CHIS)","2nd BLSP captured could be same night recapture (not banded)","N",NA
"2015-08-08_SBI_AP","SBI","SBI","AP","Arch Point",33.487622,-119.028535,2015-08-08,2015,8,8,1,2015-08-08 20:25:00,2015-08-09 02:00:00,NA,NA,NA,NA,NA,NA,NA,NA,38,"12 x 2.6","ASSP","~100","Triangular speakers with iPod.","Calif. Institute of Env'l Studies (CIES)/Channel Islands National Park (CHIS)","2nd and 3rd BLSP captured could be same night recaptures? 16 boats with lights on in Landing Cove","N",NA
"2015-09-10_SBI_AP","SBI","SBI","AP","Arch Point",33.487622,-119.028535,2015-09-10,2015,9,10,1,2015-09-10 21:07:00,2015-09-11 00:55:00,NA,NA,NA,NA,NA,NA,NA,NA,38,"12 x 2.6","ASSP","~100","Triangular speakers with iPod.","Calif. Institute of Env'l Studies (CIES)/Channel Islands National Park (CHIS)","Loud south swell","N",NA
"2015-06-13_SBI_ESP","SBI","SBI","ESP","Elephant Seal Point",33.482528,-119.041599,2015-06-13,2015,6,13,1,2015-06-13 20:15:00,2015-06-14 01:05:00,NA,NA,NA,NA,NA,NA,NA,NA,NA,"12 x 2.6","ASSP","<100","Triangular speakers with iPod. Only 1 speaker on","Calif. Institute of Env'l Studies (CIES)/Channel Islands National Park (CHIS)","Only one speaker on.","N",NA
"2015-07-22_SBI_ESP","SBI","SBI","ESP","Elephant Seal Point",33.482528,-119.041599,2015-07-22,2015,7,22,1,2015-07-22 21:00:00,2015-07-23 02:00:00,NA,NA,NA,NA,NA,NA,NA,NA,38,"12 x 2.6","ASSP","~100","Triangular speakers with iPod.","Calif. Institute of Env'l Studies (CIES)/Channel Islands National Park (CHIS)",NA,"N",NA
"2015-08-09_SBI_ESP","SBI","SBI","ESP","Elephant Seal Point",33.482528,-119.041599,2015-08-09,2015,8,9,1,2015-08-09 20:30:00,2015-08-10 02:09:00,NA,NA,NA,NA,NA,NA,NA,NA,38,"12 x 2.6","ASSP","~100","Triangular speakers with iPod.","Calif. Institute of Env'l Studies (CIES)/Channel Islands National Park (CHIS)","No end time recorded, used last capture time for end time. BLSPs could be same night recaptures.","N",NA
"2015-09-11_SBI_ESP","SBI","SBI","ESP","Elephant Seal Point",33.482528,-119.041599,2015-09-11,2015,9,11,1,2015-09-11 21:03:00,2015-09-12 00:47:00,NA,NA,NA,NA,NA,NA,NA,NA,38,"12 x 2.6","ASSP","~100","Triangular speakers with iPod.","Calif. Institute of Env'l Studies (CIES)/Channel Islands National Park (CHIS)","4 boats anchored near Shag Rock","N",NA
"2015-06-17_SMI_PI","SMI","PI","PI","Prince Island",34.056323,-120.332024,2015-06-17,2015,6,17,1,2015-06-17 20:50:00,2015-06-18 02:00:00,NA,NA,NA,NA,NA,NA,NA,NA,NA,NA,NA,NA,NA,"USGS WERC","100DB, obs: JA, EK, MC. 100% OC, light miderate layer, WNW @ 10knots, heard LESP @ 2255, first petrel fewl by at 2114, net fell for approx 5min at 2240, 2345: dark- no moon/stars visible, light winds","N",NA
"2015-06-18_SMI_PI","SMI","PI","PI","Prince Island",34.056323,-120.332024,2015-06-18,2015,6,18,2,2015-06-18 20:45:00,2015-06-19 02:00:00,NA,NA,NA,NA,NA,NA,NA,NA,NA,NA,NA,NA,NA,"USGS WERC","100DB, obs: JA, EK, MC. winds= 10-15knots, clear sky, windier at sea than 6/17.  0015: clear sky, light winds","N",NA
"2015-06-19_SMI_PI","SMI","PI","PI","Prince Island",34.056323,-120.332024,2015-06-19,2015,6,19,3,2015-06-19 20:50:00,2015-06-20 02:00:00,NA,NA,NA,NA,NA,NA,NA,NA,NA,NA,NA,NA,NA,"USGS WERC","100DB, obs: JA, EK, MC. clear sky, setting sliver moon, breezy, 25knots offshore NW wind, similar to 6/18.  2134- first petrel flyby","N",NA
"2015-07-12_SMI_PI","SMI","PI","PI","Prince Island",34.056323,-120.332024,2015-07-12,2015,7,12,1,2015-07-12 20:43:00,2015-07-12 21:53:00,2015-07-12 22:20:00,2015-07-12 23:01:00,2015-07-12 23:43:00,2015-07-13 02:00:00,NA,NA,NA,NA,NA,NA,NA,NA,NA,"USGS WERC","100DB, obs: LH, EK. clouds=0%, wind=10knots, vocalizations off 2153-2220 due to large amount of birds in net","N",NA
"2015-07-13_SMI_PI","SMI","PI","PI","Prince Island",34.056323,-120.332024,2015-07-13,2015,7,13,2,2015-07-13 20:48:00,2015-07-14 02:00:00,NA,NA,NA,NA,NA,NA,NA,NA,NA,NA,NA,NA,NA,"USGS WERC","100DB, obs: LH, EK. clouds=100%, winds=15knots, first fly-by: 2111","N",NA
"2015-07-14_SMI_PI","SMI","PI","PI","Prince Island",34.056323,-120.332024,2015-07-14,2015,7,14,3,2015-07-14 20:33:00,2015-07-15 02:00:00,NA,NA,NA,NA,NA,NA,NA,NA,NA,NA,NA,NA,NA,"USGS WERC","100DB, obs: LH, EK. clouds=100%, winds=10knots, fist fly-by 2103","N",NA
"2015-08-09_SMI_PI","SMI","PI","PI","Prince Island",34.056323,-120.332024,2015-08-09,2015,8,9,1,2015-08-09 20:54:00,2015-08-10 02:00:00,NA,NA,NA,NA,NA,NA,NA,NA,NA,NA,NA,NA,NA,"USGS WERC","100DB, obs: RC, MC. winds=5knots","N",NA
"2015-08-10_SMI_PI","SMI","PI","PI","Prince Island",34.056323,-120.332024,2015-08-10,2015,8,10,2,2015-08-10 20:30:00,2015-08-11 02:00:00,NA,NA,NA,NA,NA,NA,NA,NA,NA,NA,NA,NA,NA,"USGS WERC","100DB, obs: RC, MC.","N",NA
"2015-08-11_SMI_PI","SMI","PI","PI","Prince Island",34.056323,-120.332024,2015-08-11,2015,8,11,3,2015-08-11 20:33:00,2015-08-12 02:00:00,NA,NA,NA,NA,NA,NA,NA,NA,NA,NA,NA,NA,NA,"USGS WERC","100DB, obs: RC, MC.","N",NA
"2015-09-08_SMI_PI","SMI","PI","PI","Prince Island",34.056323,-120.332024,2015-09-08,2015,9,8,1,2015-09-08 20:05:00,2015-09-09 01:40:00,NA,NA,NA,NA,NA,NA,NA,NA,NA,NA,NA,NA,NA,"USGS WERC","100DB, obs: MC, EK. Clouds=0%, winds=3knots","N",NA
"2015-09-09_SMI_PI","SMI","PI","PI","Prince Island",34.056323,-120.332024,2015-09-09,2015,9,9,2,2015-09-09 20:05:00,2015-09-10 01:35:00,NA,NA,NA,NA,NA,NA,NA,NA,NA,NA,NA,NA,NA,"USGS WERC","100DB, obs: MC, EK. Clouds=0%, winds=3knots. First fly-by 20:19 (bounce out)","N",NA
"2015-09-10_SMI_PI","SMI","PI","PI","Prince Island",34.056323,-120.332024,2015-09-10,2015,9,10,3,2015-09-10 20:04:00,2015-09-11 01:04:00,NA,NA,NA,NA,NA,NA,NA,NA,NA,NA,NA,NA,NA,"USGS WERC","100DB, obs: MC, EK. Clouds=10%, winds=3knots. First fly-by 21:07","N",NA
"2015-06-16_SCI_SR","SCI","SR","SR","Scorpion Rock",34.047666,-119.547674,2015-06-16,2015,6,16,1,2015-06-16 21:20:00,2015-06-17 01:45:00,NA,NA,NA,NA,NA,NA,NA,NA,NA,"12 x 2.6","ASSP","~100","Large CD player with bullhorn speaker.","Calif. Institute of Env'l Studies (CIES)/Channel Islands National Park (CHIS)","Closed net early due to wind.","N",NA
"2015-06-17_SCI_SR","SCI","SR","SR","Scorpion Rock",34.047666,-119.547674,2015-06-17,2015,6,17,2,2015-06-17 21:13:00,2015-06-18 02:00:00,NA,NA,NA,NA,NA,NA,NA,NA,NA,"12 x 2.6","ASSP","~100","Large CD player with bullhorn speaker.","Calif. Institute of Env'l Studies (CIES)/Channel Islands National Park (CHIS)","Completely socked in 00:08.","N",NA
"2015-07-16_SCI_SR","SCI","SR","SR","Scorpion Rock",34.047666,-119.547674,2015-07-16,2015,7,16,1,2015-07-16 21:15:00,2015-07-17 02:02:00,NA,NA,NA,NA,NA,NA,NA,NA,NA,"12 x 2.6","ASSP","~100","Large CD player with bullhorn speaker.","Calif. Institute of Env'l Studies (CIES)/Channel Islands National Park (CHIS)","8 bounce-outs between 21:49-22:12. No end time recorded, used last capture time as end time. 1st petrels flying over 21:30.","N",NA
"2015-09-15_SCI_SR","SCI","SR","SR","Scorpion Rock",34.047666,-119.547674,2015-09-15,2015,9,15,1,2015-09-15 20:45:00,2015-09-16 02:00:00,NA,NA,NA,NA,NA,NA,NA,NA,38,"12 x 2.6","ASSP","~100","Large CD player with bullhorn speaker.","Calif. Institute of Env'l Studies (CIES)/Channel Islands National Park (CHIS)","~0900 fog and mist set in","N",NA
"2016-05-05_SBI_AP","SBI","SBI","AP","Arch Point",33.487622,-119.028535,2016-05-05,2016,5,5,1,2016-05-05 21:30:00,2016-05-06 00:15:00,NA,NA,NA,NA,NA,NA,NA,NA,NA,"12 x 2.6","ASSP","~100","JBL charge speaker","Calif. Institute of Env'l Studies (CIES)/Channel Islands National Park (CHIS)","Ended early due to wind.","N",NA
"2016-06-01_SBI_AP","SBI","SBI","AP","Arch Point",33.487622,-119.028535,2016-06-01,2016,6,1,1,2016-06-01 21:00:00,2016-06-02 02:05:00,NA,NA,NA,NA,NA,NA,NA,NA,NA,"12 x 2.6","ASSP","~100","JBL charge speaker","Calif. Institute of Env'l Studies (CIES)/Channel Islands National Park (CHIS)","Captured Jouanin's petrel","N",NA
"2016-06-02_SBI_AP","SBI","SBI","AP","Arch Point",33.487622,-119.028535,2016-06-02,2016,6,2,2,2016-06-02 21:00:00,2016-06-03 02:05:00,NA,NA,NA,NA,NA,NA,NA,NA,NA,"12 x 2.6","ASSP","~100","JBL charge speaker","Calif. Institute of Env'l Studies (CIES)/Channel Islands National Park (CHIS)","2 bounce-outs","N",NA
"2016-07-06_SBI_AP","SBI","SBI","AP","Arch Point",33.487622,-119.028535,2016-07-06,2016,7,6,1,2016-07-06 20:30:00,2016-07-07 02:00:00,NA,NA,NA,NA,NA,NA,NA,NA,30,"12 x 2.6","ASSP","~100","JBL charge speaker","Calif. Institute of Env'l Studies (CIES)/Channel Islands National Park (CHIS)",NA,"N",NA
"2016-07-08_SBI_AP","SBI","SBI","AP","Arch Point",33.487622,-119.028535,2016-07-08,2016,7,8,2,2016-07-08 21:00:00,2016-07-09 02:13:00,NA,NA,NA,NA,NA,NA,NA,NA,30,"12 x 2.6","ASSP","~100","JBL charge speaker","Calif. Institute of Env'l Studies (CIES)/Channel Islands National Park (CHIS)","10 bounce-outs","N",NA
"2016-08-03_SBI_AP","SBI","SBI","AP","Arch Point",33.487622,-119.028535,2016-08-03,2016,8,3,1,2016-08-03 20:27:00,2016-08-04 02:03:00,NA,NA,NA,NA,NA,NA,NA,NA,30,"12 x 2.6","ASSP","~100","JBL charge speaker","Calif. Institute of Env'l Studies (CIES)/Channel Islands National Park (CHIS)","5 bounce-outs","N",NA
"2016-08-04_SBI_AP","SBI","SBI","AP","Arch Point",33.487622,-119.028535,2016-08-04,2016,8,4,2,2016-08-04 20:31:00,2016-08-05 00:00:00,NA,NA,NA,NA,NA,NA,NA,NA,30,"12 x 2.6","ASSP","~100","JBL charge speaker","Calif. Institute of Env'l Studies (CIES)/Channel Islands National Park (CHIS)",NA,"N",NA
"2016-05-07_SBI_ESP","SBI","SBI","ESP","Elephant Seal Point",33.482528,-119.041599,2016-05-07,2016,5,7,1,2016-05-07 22:01:00,2016-05-08 01:56:00,NA,NA,NA,NA,NA,NA,NA,NA,NA,"12 x 2.6","ASSP","~100","JBL charge speaker","Calif. Institute of Env'l Studies (CIES)/Channel Islands National Park (CHIS)","No end time listed, used last capture time","N",NA
"2016-06-03_SBI_ESP","SBI","SBI","ESP","Elephant Seal Point",33.482528,-119.041599,2016-06-03,2016,6,3,1,2016-06-03 20:46:00,2016-06-04 01:46:00,NA,NA,NA,NA,NA,NA,NA,NA,NA,"12 x 2.6","ASSP","~100","JBL charge speaker","Calif. Institute of Env'l Studies (CIES)/Channel Islands National Park (CHIS)","No end time recorded, used last capture time.","N",NA
"2016-06-04_SBI_ESP","SBI","SBI","ESP","Elephant Seal Point",33.482528,-119.041599,2016-06-04,2016,6,4,2,2016-06-04 21:00:00,2016-06-05 00:03:00,NA,NA,NA,NA,NA,NA,NA,NA,NA,"12 x 2.6","ASSP","~100","JBL charge speaker","Calif. Institute of Env'l Studies (CIES)/Channel Islands National Park (CHIS)","Ended early due to wind. 1 ASSP bounce-out 23:06. Vision dive boat in cove.","N",NA
"2016-07-07_SBI_ESP","SBI","SBI","ESP","Elephant Seal Point",33.482528,-119.041599,2016-07-07,2016,7,7,1,2016-07-07 20:45:00,2016-07-08 02:02:00,NA,NA,NA,NA,NA,NA,NA,NA,30,"12 x 2.6","ASSP","~100","JBL charge speaker","Calif. Institute of Env'l Studies (CIES)/Channel Islands National Park (CHIS)",NA,"N",NA
"2016-07-12_SBI_ESP","SBI","SBI","ESP","Elephant Seal Point",33.482528,-119.041599,2016-07-12,2016,7,12,2,2016-07-12 21:02:00,2016-07-13 02:00:00,NA,NA,NA,NA,NA,NA,NA,NA,30,"12 x 2.6","ASSP","~100","JBL charge speaker","Calif. Institute of Env'l Studies (CIES)/Channel Islands National Park (CHIS)","1 bounce-out.","N",NA
"2016-08-05_SBI_ESP","SBI","SBI","ESP","Elephant Seal Point",33.482528,-119.041599,2016-08-05,2016,8,5,1,2016-08-05 20:28:00,2016-08-06 02:00:00,NA,NA,NA,NA,NA,NA,NA,NA,NA,"12 x 2.6","ASSP","~100","JBL charge speaker","Calif. Institute of Env'l Studies (CIES)/Channel Islands National Park (CHIS)",NA,"N",NA
"2016-08-08_SBI_ESP","SBI","SBI","ESP","Elephant Seal Point",33.482528,-119.041599,2016-08-08,2016,8,8,2,2016-08-08 20:45:00,2016-08-09 02:05:00,NA,NA,NA,NA,NA,NA,NA,NA,NA,"12 x 2.6","ASSP","~100","JBL charge speaker","Calif. Institute of Env'l Studies (CIES)/Channel Islands National Park (CHIS)",NA,"N",NA
"2016-05-02_SMI_PI","SMI","PI","PI","Prince Island",34.056323,-120.332024,2016-05-02,2016,5,2,1,2016-05-02 19:50:00,2016-05-03 02:00:00,NA,NA,NA,NA,NA,NA,NA,NA,NA,NA,NA,NA,NA,"USGS WERC","100DB, obs: JF, EK. Clouds=0%, winds=5 knots.","N",NA
"2016-05-03_SMI_PI","SMI","PI","PI","Prince Island",34.056323,-120.332024,2016-05-03,2016,5,3,2,2016-05-03 19:50:00,2016-05-04 02:00:00,NA,NA,NA,NA,NA,NA,NA,NA,NA,NA,NA,NA,NA,"USGS WERC","100DB, obs: MJ, EK. Clouds=25%, winds= 5 knots.","N",NA
"2016-05-04_SMI_PI","SMI","PI","PI","Prince Island",34.056323,-120.332024,2016-05-04,2016,5,4,3,2016-05-04 20:00:00,2016-05-05 02:00:00,NA,NA,NA,NA,NA,NA,NA,NA,NA,NA,NA,NA,NA,"USGS WERC","100DB, obs: JF, EK. Clouds=1%, winds=<5 knots.","N",NA
"2016-06-03_SMI_PI","SMI","PI","PI","Prince Island",34.056323,-120.332024,2016-06-03,2016,6,3,1,2016-06-03 20:51:00,2016-06-04 02:00:00,NA,NA,NA,NA,NA,NA,NA,NA,NA,NA,NA,NA,NA,"USGS WERC","100DB, obs: JA, MC. Clouds=100%, winds=<5 knots. First sighting 21:04","N",NA
"2016-06-04_SMI_PI","SMI","PI","PI","Prince Island",34.056323,-120.332024,2016-06-04,2016,6,4,2,2016-06-04 20:50:00,2016-06-05 02:00:00,NA,NA,NA,NA,NA,NA,NA,NA,NA,NA,NA,NA,NA,"USGS WERC","100DB, obs: JA, MC. Clouds=100%, winds=<5 knots. First sighting 21:10. High overcast, brighter night than 6/3. BNOW vocal at 01:00.","N",NA
"2016-06-05_SMI_PI","SMI","PI","PI","Prince Island",34.056323,-120.332024,2016-06-05,2016,6,5,3,2016-06-05 20:46:00,2016-06-06 02:00:00,NA,NA,NA,NA,NA,NA,NA,NA,NA,NA,NA,NA,NA,"USGS WERC","100DB, obs: JA, MC. First sighting 21:09.","N",NA
"2016-07-05_SMI_PI","SMI","PI","PI","Prince Island",34.056323,-120.332024,2016-07-05,2016,7,5,1,2016-07-05 20:45:00,2016-07-06 01:50:00,NA,NA,NA,NA,NA,NA,NA,NA,NA,NA,NA,NA,NA,"USGS WERC","100DB, obs: MC, EK, clouds: 70%, wind: 5k, first sighting: 21:20, BAOW heard at 2113 (and possible BAOW predated WEGU chick found the following day), fishing boat with bright lights present to the SE all night btwn SRI and SMI ","N",NA
"2016-07-06_SMI_PI","SMI","PI","PI","Prince Island",34.056323,-120.332024,2016-07-06,2016,7,6,2,2016-07-06 20:44:00,2016-07-07 02:00:00,NA,NA,NA,NA,NA,NA,NA,NA,NA,NA,NA,NA,NA,"USGS WERC","100DB, obs: MC, EK, clouds: 90% (100% @ 00:00), wind: 5-10k, first sighting: 21:35, first call: 21:32, bright cloudy windy night, lots of avoidance","N",NA
"2016-08-04_SMI_PI","SMI","PI","PI","Prince Island",34.056323,-120.332024,2016-08-04,2016,8,4,1,2016-08-04 20:35:00,2016-08-05 01:32:00,NA,NA,NA,NA,NA,NA,NA,NA,NA,NA,NA,NA,NA,"USGS WERC","obs: MC, Zeke; clouds = 100%; wind = >5knts; first ASSP seen 20:57","N",NA
"2016-08-05_SMI_PI","SMI","PI","PI","Prince Island",34.056323,-120.332024,2016-08-05,2016,8,5,2,2016-08-05 20:25:00,2016-08-06 01:25:00,NA,NA,NA,NA,NA,NA,NA,NA,NA,NA,NA,NA,NA,"USGS WERC","obs: MC, Zeke; clouds = 100%; wind = 5-10 knts; first ASSP seen 20:44","N",NA
"2016-08-06_SMI_PI","SMI","PI","PI","Prince Island",34.056323,-120.332024,2016-08-06,2016,8,6,3,2016-08-06 20:25:00,2016-08-07 01:25:00,NA,NA,NA,NA,NA,NA,NA,NA,NA,NA,NA,NA,NA,"USGS WERC","obs: MC, Zeke; clouds = 95%; wind 5-10knts; first ASSP seen 20:44; BNOW hear at 2152 (not heard nights 1 & 2)","N",NA
"2016-05-04_SCI_SR","SCI","SR","SR","Scorpion Rock",34.047666,-119.547674,2016-05-04,2016,5,4,1,2016-05-04 20:30:00,2016-05-05 01:51:00,NA,NA,NA,NA,NA,NA,NA,NA,NA,"12 x 2.6","ASSP","~100",NA,"Calif. Institute of Env'l Studies (CIES)/Channel Islands National Park (CHIS)","No end time listed, used last capture time","N",NA
"2016-05-05_SCI_SR","SCI","SR","SR","Scorpion Rock",34.047666,-119.547674,2016-05-05,2016,5,5,2,2016-05-05 20:30:00,2016-05-06 02:07:00,NA,NA,NA,NA,NA,NA,NA,NA,NA,"12 x 2.6","ASSP","~100",NA,"Calif. Institute of Env'l Studies (CIES)/Channel Islands National Park (CHIS)","1 bounce-out at 21:40.","N",NA
"2016-06-01_SCI_SR","SCI","SR","SR","Scorpion Rock",34.047666,-119.547674,2016-06-01,2016,6,1,1,2016-06-01 20:25:00,2016-06-02 02:00:00,NA,NA,NA,NA,NA,NA,NA,NA,NA,"12 x 2.6","ASSP","~100",NA,"Calif. Institute of Env'l Studies (CIES)/Channel Islands National Park (CHIS)","13 bounce-outs. Heard BNOW at 22:30. Misting 22:30. 00:30 seems easier for birds to get out of net. ","N",NA
"2016-06-02_SCI_SR","SCI","SR","SR","Scorpion Rock",34.047666,-119.547674,2016-06-02,2016,6,2,2,2016-06-02 20:57:00,2016-06-03 02:00:00,NA,NA,NA,NA,NA,NA,NA,NA,NA,"12 x 2.6","ASSP","~100",NA,"Calif. Institute of Env'l Studies (CIES)/Channel Islands National Park (CHIS)","2 bounce-outs. ","N",NA
"2016-06-03_SCI_SR","SCI","SR","SR","Scorpion Rock",34.047666,-119.547674,2016-06-03,2016,6,3,3,2016-06-03 20:45:00,2016-06-04 02:00:00,NA,NA,NA,NA,NA,NA,NA,NA,NA,"12 x 2.6","ASSP","~100",NA,"Calif. Institute of Env'l Studies (CIES)/Channel Islands National Park (CHIS)",NA,"N",NA
"2016-07-06_SCI_SR","SCI","SR","SR","Scorpion Rock",34.047666,-119.547674,2016-07-06,2016,7,6,1,2016-07-06 20:50:00,2016-07-07 01:23:00,2016-07-07 01:25:00,2016-07-07 02:00:00,NA,NA,NA,NA,NA,NA,NA,"12 x 2.6","ASSP","~100",NA,"Calif. Institute of Env'l Studies (CIES)/Channel Islands National Park (CHIS)","speaker power off 01:23, back on 01:25","N",NA
"2016-07-07_SCI_SR","SCI","SR","SR","Scorpion Rock",34.047666,-119.547674,2016-07-07,2016,7,7,2,2016-07-07 21:00:00,2016-07-08 00:18:00,NA,NA,NA,NA,NA,NA,NA,NA,NA,"12 x 2.6","ASSP","~100",NA,"Calif. Institute of Env'l Studies (CIES)/Channel Islands National Park (CHIS)","Wind came up around 23:00 steady 10kt gusts to 15kt, end early due to wind. 1 bouce-out.","N",NA
"2016-07-08_SCI_SR","SCI","SR","SR","Scorpion Rock",34.047666,-119.547674,2016-07-08,2016,7,8,3,NA,NA,NA,NA,NA,NA,NA,NA,NA,NA,NA,"12 x 2.6","ASSP","~100",NA,"Calif. Institute of Env'l Studies (CIES)/Channel Islands National Park (CHIS)","Did not open net, too windy","N",NA
"2016-07-30_SCI_SR","SCI","SR","SR","Scorpion Rock",34.047666,-119.547674,2016-07-30,2016,7,30,1,2016-07-30 21:30:00,2016-07-31 02:02:00,NA,NA,NA,NA,NA,NA,NA,NA,30,"12 x 2.6","ASSP","~100",NA,"Calif. Institute of Env'l Studies (CIES)/Channel Islands National Park (CHIS)","10+ boats anchored nearby","N",NA
"2016-07-31_SCI_SR","SCI","SR","SR","Scorpion Rock",34.047666,-119.547674,2016-07-31,2016,7,31,2,2016-07-31 20:38:00,2016-08-01 02:00:00,NA,NA,NA,NA,NA,NA,NA,NA,30,"12 x 2.6","ASSP","~100",NA,"Calif. Institute of Env'l Studies (CIES)/Channel Islands National Park (CHIS)","Boat with bright spotlight 21:09. 5 bounce-outs.","N",NA
"2016-08-01_SCI_SR","SCI","SR","SR","Scorpion Rock",34.047666,-119.547674,2016-08-01,2016,8,1,3,2016-08-01 21:10:00,2016-08-02 02:03:00,NA,NA,NA,NA,NA,NA,NA,NA,30,"12 x 2.6","ASSP","~100",NA,"Calif. Institute of Env'l Studies (CIES)/Channel Islands National Park (CHIS)",NA,"N",NA
"2016-05-17_SBI_WP","SBI","SBI","WP","Websters Point",33.481075,-119.046301,2016-05-17,2016,5,17,1,2016-05-17 21:20:00,2016-05-18 00:30:00,NA,NA,NA,NA,NA,NA,NA,NA,NA,"12 x 2.6","ASSP","<100","JBL charge speaker","Calif. Institute of Env'l Studies (CIES)/Channel Islands National Park (CHIS)","No end time listed, used last capture time. Speakers were very quiet and batteries died.","N",NA
"2017-05-25_SBI_AP","SBI","SBI","AP","Arch Point",33.487622,-119.028535,2017-05-25,2017,5,25,1,2017-05-25 21:25:00,2017-05-26 02:00:00,NA,NA,NA,NA,NA,NA,NA,NA,NA,"12 x 2.6","ASSP","~100","JBL charge speaker","Calif. Institute of Env'l Studies (CIES)/Channel Islands National Park (CHIS)","Light boat just outside Landing Cove, lighting up area, turned on ~12:30.","N",NA
"2017-06-22_SBI_AP","SBI","SBI","AP","Arch Point",33.487622,-119.028535,2017-06-22,2017,6,22,1,2017-06-22 20:30:00,2017-06-23 02:00:00,NA,NA,NA,NA,NA,NA,NA,NA,30,"12 x 2.6","ASSP","~100","JBL charge speaker","Calif. Institute of Env'l Studies (CIES)/Channel Islands National Park (CHIS)","3 boats in Landing Cove","N",NA
"2017-05-26_SBI_ESP","SBI","SBI","ESP","Elephant Seal Point",33.482528,-119.041599,2017-05-26,2017,5,26,1,2017-05-26 21:00:00,2017-05-27 02:00:00,NA,NA,NA,NA,NA,NA,NA,NA,NA,"12 x 2.6","ASSP","~100","JBL charge speaker","Calif. Institute of Env'l Studies (CIES)/Channel Islands National Park (CHIS)",NA,"N",NA
"2017-06-19_SCI_SR","SCI","SR","SR","Scorpion Rock",34.047666,-119.547674,2017-06-19,2017,6,19,1,2017-06-19 21:05:00,2017-06-20 02:05:00,NA,NA,NA,NA,NA,NA,NA,NA,30,"12 x 2.6","ASSP","~100","JBL charge speaker","Calif. Institute of Env'l Studies (CIES)/Channel Islands National Park (CHIS)","7 bounce-outs ~21:30","N",NA
"2017-06-20_SCI_SR","SCI","SR","SR","Scorpion Rock",34.047666,-119.547674,2017-06-20,2017,6,20,2,2017-06-20 21:15:00,2017-06-21 00:00:00,NA,NA,NA,NA,NA,NA,NA,NA,30,"12 x 2.6","ASSP","~100","JBL charge speaker","Calif. Institute of Env'l Studies (CIES)/Channel Islands National Park (CHIS)","7 bounce-outs. Ended early due to wind.","N",NA
"2017-08-20_SCI_SR","SCI","SR","SR","Scorpion Rock",34.047666,-119.547674,2017-08-20,2017,8,20,1,2017-08-20 20:37:00,2017-08-21 02:00:00,NA,NA,NA,NA,NA,NA,NA,NA,30,"12 x 2.6","ASSP","~100","JBL charge speaker","Calif. Institute of Env'l Studies (CIES)/Channel Islands National Park (CHIS)","2 bounce-outs. Heard BNOW vocalize ~12:00.","N",NA
"2018-05-12_SBI_AP","SBI","SBI","AP","Arch Point",33.487622,-119.028535,2018-05-12,2018,5,12,1,2018-05-12 20:55:00,2018-05-13 02:10:00,NA,NA,NA,NA,NA,NA,NA,NA,38,"12 x 2.6","ASSP","~100","JBL charge speaker","Calif. Institute of Env'l Studies (CIES)/Channel Islands National Park (CHIS)",NA,"N",NA
"2018-06-10_SBI_AP","SBI","SBI","AP","Arch Point",33.487622,-119.028535,2018-06-10,2018,6,10,1,2018-06-10 22:00:00,2018-06-11 00:00:00,2018-06-11 00:10:00,2018-06-11 03:00:00,NA,NA,NA,NA,NA,NA,38,"12 x 2.6","ASSP","~100","JBL charge speaker","Calif. Institute of Env'l Studies (CIES)/Channel Islands National Park (CHIS)","2 bands overcrimped, took awhile to fix. 10min break for BNOW presence, net closed & audio off, 0:00-0:10","N",NA
"2018-07-08_SBI_AP","SBI","SBI","AP","Arch Point",33.487622,-119.028535,2018-07-08,2018,7,8,1,2018-07-08 21:00:00,2018-07-09 00:35:00,2018-07-09 00:45:00,2018-07-09 01:05:00,NA,NA,NA,NA,NA,NA,38,"12 x 2.6","ASSP","~100","JBL charge speaker","Calif. Institute of Env'l Studies (CIES)/Channel Islands National Park (CHIS)","6 bounce-outs. 0:35 speaker out of batteries, connected to external battery and charged for ten minutes. Light boat in Landing Cove at start. ","N",NA
"2018-08-13_SBI_AP","SBI","SBI","AP","Arch Point",33.487622,-119.028535,2018-08-13,2018,8,13,1,2018-08-13 21:10:00,2018-08-14 02:10:00,NA,NA,NA,NA,NA,NA,NA,NA,38,"12 x 2.6","ASSP","~100","JBL charge speaker","Calif. Institute of Env'l Studies (CIES)/Channel Islands National Park (CHIS)","No end time listed, used last capture time. 2 bounce-outs.","N",NA
"2018-08-14_SBI_AP","SBI","SBI","AP","Arch Point",33.487622,-119.028535,2018-08-14,2018,8,14,2,2018-08-14 21:08:00,2018-08-15 01:50:00,NA,NA,NA,NA,NA,NA,NA,NA,38,"12 x 2.6","ASSP","~100","JBL charge speaker","Calif. Institute of Env'l Studies (CIES)/Channel Islands National Park (CHIS)","No end time listed, used last capture time. 3 bounce-outs.","N",NA
"2018-05-13_SBI_ESP","SBI","SBI","ESP","Elephant Seal Point",33.482528,-119.041599,2018-05-13,2018,5,13,1,2018-05-13 20:39:00,2018-05-14 02:05:00,NA,NA,NA,NA,NA,NA,NA,NA,38,"12 x 2.6","ASSP","~100","JBL charge speaker","Calif. Institute of Env'l Studies (CIES)/Channel Islands National Park (CHIS)","2  bounce-outs","N",NA
"2018-06-11_SBI_ESP","SBI","SBI","ESP","Elephant Seal Point",33.482528,-119.041599,2018-06-11,2018,6,11,1,2018-06-11 21:03:00,2018-06-12 01:30:00,2018-06-12 01:30:00,2018-06-12 02:00:00,NA,NA,NA,NA,NA,NA,38,"12 x 2.6","ASSP","~100","Multiple","Calif. Institute of Env'l Studies (CIES)/Channel Islands National Park (CHIS)","1 bounce-out. Speaker cutting out ~01:30. Died 01:40. Kept on until 02:00.","N",NA
"2018-07-06_SBI_ESP","SBI","SBI","ESP","Elephant Seal Point",33.482528,-119.041599,2018-07-06,2018,7,6,1,2018-07-06 21:06:00,2018-07-07 00:29:00,NA,NA,NA,NA,NA,NA,NA,NA,38,"12 x 2.6","ASSP","~100","JBL charge speaker","Calif. Institute of Env'l Studies (CIES)/Channel Islands National Park (CHIS)","Ended early due to wind. 3 bounce outs. ","N",NA
"2018-07-07_SBI_ESP","SBI","SBI","ESP","Elephant Seal Point",33.482528,-119.041599,2018-07-07,2018,7,7,2,2018-07-07 21:00:00,2018-07-07 22:45:00,2018-07-07 23:45:00,2018-07-08 02:00:00,NA,NA,NA,NA,NA,NA,38,"12 x 2.6","ASSP","~100","JBL charge speaker","Calif. Institute of Env'l Studies (CIES)/Channel Islands National Park (CHIS)","Closed net 22:45-23:45 due to wind. 4 bounce-outs (unk when?).","N",NA
"2018-08-15_SBI_ESP","SBI","SBI","ESP","Elephant Seal Point",33.482528,-119.041599,2018-08-15,2018,8,15,1,2018-08-15 21:00:00,2018-08-16 02:11:00,NA,NA,NA,NA,NA,NA,NA,NA,38,"12 x 2.6","ASSP","~100","JBL charge speaker","Calif. Institute of Env'l Studies (CIES)/Channel Islands National Park (CHIS)","1 bounce-out.   ","N",NA
"2018-05-14_SMI_PI","SMI","PI","PI","Prince Island",34.056323,-120.332024,2018-05-14,2018,5,14,1,2018-05-14 20:52:00,2018-05-15 02:00:00,NA,NA,NA,NA,NA,NA,NA,NA,NA,NA,NA,NA,NA,"USGS WERC","100DB, obs: PL, EK, clouds: 0%, wind: 5-10k, first sighting: 21:25, BAOW heard at 20:59","N",NA
"2018-05-15_SMI_PI","SMI","PI","PI","Prince Island",34.056323,-120.332024,2018-05-15,2018,5,15,2,2018-05-15 20:38:00,2018-05-16 01:55:00,NA,NA,NA,NA,NA,NA,NA,NA,NA,NA,NA,NA,NA,"USGS WERC","90DB, obs: PL, EK, clouds: 0%, wind: 5-10k, first sighting: 21:15","N",NA
"2018-06-11_SMI_PI","SMI","PI","PI","Prince Island",34.056323,-120.332024,2018-06-11,2018,6,11,1,2018-06-11 21:09:00,2018-06-12 02:00:00,NA,NA,NA,NA,NA,NA,NA,NA,NA,NA,NA,NA,NA,"USGS WERC","100DB; obs: EK, JA; AO and JM from Audubon present; first fly-by at 21:19, cloud cover = 100%, wind = 5-10kn, 30mm net","N",NA
"2018-06-12_SMI_PI","SMI","PI","PI","Prince Island",34.056323,-120.332024,2018-06-12,2018,6,12,2,2018-06-12 20:55:00,2018-06-13 02:00:00,NA,NA,NA,NA,NA,NA,NA,NA,NA,NA,NA,NA,NA,"USGS WERC","100DB; obs: EK, JA; AO and JM from Audubon present; first ASSP heard at 21:13; cloud cover = 100%, cleared at 22:15; wind = 5-10kn, 30mm net","N",NA
"2018-06-13_SMI_PI","SMI","PI","PI","Prince Island",34.056323,-120.332024,2018-06-13,2018,6,13,3,2018-06-13 20:53:00,2018-06-14 02:00:00,NA,NA,NA,NA,NA,NA,NA,NA,NA,NA,NA,NA,NA,"USGS WERC","100DB; obs: EK, JA; AO and JM from Audubon present; first fly-by at 21:13, cloud cover = 100%, wind = 5-10kn, 30mm net","N",NA
"2018-07-10_SMI_PI","SMI","PI","PI","Prince Island",34.056323,-120.332024,2018-07-10,2018,7,10,1,2018-07-10 20:48:00,2018-07-11 02:05:00,NA,NA,NA,NA,NA,NA,NA,NA,NA,NA,NA,NA,NA,"USGS WERC","obs: AJD, PTL;  Clouds=15%; temp=65F; wind=5-10kts; moon=7% waning; wind blow from south 2330","N",NA
"2018-07-11_SMI_PI","SMI","PI","PI","Prince Island",34.056323,-120.332024,2018-07-11,2018,7,11,2,2018-07-11 20:40:00,2018-07-12 02:02:00,NA,NA,NA,NA,NA,NA,NA,NA,NA,NA,NA,NA,NA,"USGS WERC","obs: AJD, PTL;  Clouds=85%, wind=7-12kn; temp=low60s-high50s; moon=2% waning; slight mist 21:46; flashlight check resulted in net avoidance unk spp 22:06","N",NA
"2018-08-09_SMI_PI","SMI","PI","PI","Prince Island",34.056323,-120.332024,2018-08-09,2018,8,9,1,2018-08-09 20:40:00,2018-08-10 02:01:00,NA,NA,NA,NA,NA,NA,NA,NA,NA,NA,NA,NA,NA,"USGS WERC","obs: AJD, PTL; clouds=10%; wind=0-3kts NW, up to 5-8kts by 2100; temp=70F; moon=3% waning; BNOW vocalization throughout night","N",NA
"2018-08-10_SMI_PI","SMI","PI","PI","Prince Island",34.056323,-120.332024,2018-08-10,2018,8,10,2,2018-08-10 20:26:00,2018-08-11 02:00:00,NA,NA,NA,NA,NA,NA,NA,NA,NA,NA,NA,NA,NA,"USGS WERC","obs: AJD, PTL; clouds=0%; wind=0-3kts NW, ; moon=0% waning; BNOW vocalization ~2100; 1 squid and 2 fishing boats motored by","N",NA
"2018-08-11_SMI_PI","SMI","PI","PI","Prince Island",34.056323,-120.332024,2018-08-11,2018,8,11,3,2018-08-11 20:30:00,2018-08-12 02:02:00,NA,NA,NA,NA,NA,NA,NA,NA,NA,NA,NA,NA,NA,"USGS WERC","obs: AJD, PTL; clouds=0%; wind=0-3kts NW, ; moon phase = new moon; BNOW vocalization ~0000","N",NA
"2018-06-11_SCI_SR","SCI","SR","SR","Scorpion Rock",34.047666,-119.547674,2018-06-11,2018,6,11,1,2018-06-11 21:21:00,2018-06-12 02:00:00,NA,NA,NA,NA,NA,NA,NA,NA,30,"12 x 2.6","ASSP","~100","JBL charge3 speaker","Calif. Institute of Env'l Studies (CIES)/Channel Islands National Park (CHIS)","5 bounce-outs","N",NA
"2018-06-12_SCI_SR","SCI","SR","SR","Scorpion Rock",34.047666,-119.547674,2018-06-12,2018,6,12,2,2018-06-12 21:00:00,2018-06-13 02:00:00,NA,NA,NA,NA,NA,NA,NA,NA,30,"12 x 2.6","ASSP","~100","JBL charge3 speaker","Calif. Institute of Env'l Studies (CIES)/Channel Islands National Park (CHIS)","9 bounce-outs","N",NA
"2018-06-13_SCI_SR","SCI","SR","SR","Scorpion Rock",34.047666,-119.547674,2018-06-13,2018,6,13,3,2018-06-13 21:00:00,2018-06-14 02:02:00,NA,NA,NA,NA,NA,NA,NA,NA,30,"12 x 2.6","ASSP","~100","JBL charge3 speaker","Calif. Institute of Env'l Studies (CIES)/Channel Islands National Park (CHIS)","2 bounce-outs","N",NA
"2018-07-11_SCI_SR","SCI","SR","SR","Scorpion Rock",34.047666,-119.547674,2018-07-11,2018,7,11,1,2018-07-11 21:00:00,2018-07-12 02:00:00,NA,NA,NA,NA,NA,NA,NA,NA,30,"12 x 2.6","ASSP","~100","JBL charge3 speaker","Calif. Institute of Env'l Studies (CIES)/Channel Islands National Park (CHIS)","5 bounce-outs","N",NA
"2018-07-12_SCI_SR","SCI","SR","SR","Scorpion Rock",34.047666,-119.547674,2018-07-12,2018,7,12,2,NA,2018-07-13 01:54:00,NA,NA,NA,NA,NA,NA,NA,NA,30,"12 x 2.6","ASSP","~100","JBL charge3 speaker","Calif. Institute of Env'l Studies (CIES)/Channel Islands National Park (CHIS)","3 bounce-outs. No start time nor end time recorded. Used last capture for end time.","Y","No net open time"
"2018-08-06_SCI_SR","SCI","SR","SR","Scorpion Rock",34.047666,-119.547674,2018-08-06,2018,8,6,1,2018-08-06 22:05:00,2018-08-07 02:03:00,NA,NA,NA,NA,NA,NA,NA,NA,30,"12 x 2.6","ASSP","~100","JBL charge3 speaker","Calif. Institute of Env'l Studies (CIES)/Channel Islands National Park (CHIS)","12 bounce-outs","N",NA
"2018-08-08_SCI_SR","SCI","SR","SR","Scorpion Rock",34.047666,-119.547674,2018-08-08,2018,8,8,2,2018-08-08 21:02:00,2018-08-09 02:00:00,NA,NA,NA,NA,NA,NA,NA,NA,30,"12 x 2.6","ASSP","~100","JBL charge3 speaker","Calif. Institute of Env'l Studies (CIES)/Channel Islands National Park (CHIS)","4 bounce-outs","N",NA
"1994-05-14_ANI_RR","ANI","WAI","RR","Rat Rock",34.013764,-119.442644,1994-05-14,1994,5,14,NA,1994-05-14 20:34:00,1994-05-15 01:45:00,NA,NA,NA,NA,NA,NA,NA,NA,NA,"","","","","Humboldt State University (H. Carter & D. Whitworth)","Wx 20:34 mostly clear, cloudy over mainland to north, 1/4 moon, SW wind 5 kn; 22:40 moon obscured by clouds, wind zero; 23:30 sky obscured by clouds; 23:46 wind up to 5-8 kn; 01:15 net billowing, wind 8-12 kn.First SCMU calling 20:42, tape on 20:55, 00:40-01:00 HRC checked 10-20 crevices but found nothing. General: The dive boat Vision was anchored on the south side with bright deck lights so we netted on the north side to reduce net illumination and generator noise. Some light from oil platforms Gilda, Grace, and Gail.","N",NA
"2011-07-27_ANI_RR","ANI","WAI","RR","Rat Rock",34.013764,-119.442644,2011-07-27,2011,7,27,NA,2011-07-27 21:00:00,2011-07-27 23:55:00,NA,NA,NA,NA,NA,NA,NA,NA,38,"9 x 2.6","ASSP",NA,"CD player","Calif. Institute of Env'l Studies (CIES)/Channel Islands National Park (CHIS)","Approximate start time. ALH, DMM, REW, MWP. Land @ ~1945 set up net mid-spine on east side of Rat Rock. Using just CD player to start, net open ~2100. Standard net 38 mm, 2.6 x 9 m, 4 shelves. Wx wind NW 5-7 knots, vis 15+ miles, no moon, clear skies. Net shut down 2355 mesh too wide causing birds too much stress. See ALH notes.","N",NA
"2021-05-05_SBI_AP","SBI","SBI","AP","Arch Point",33.487622,-119.028535,2021-05-05,2021,5,5,1,2021-05-05 21:05:00,2021-05-06 02:35:00,NA,NA,NA,NA,NA,NA,NA,NA,NA,NA,"ASSP",NA,NA,"Calif. Institute of Env'l Studies (CIES)/Channel Islands National Park (CHIS)",NA,"N",NA
"2021-05-06_SBI_AP","SBI","SBI","AP","Arch Point",33.487622,-119.028535,2021-05-06,2021,5,6,2,2021-05-06 21:00:00,2021-05-07 02:30:00,NA,NA,NA,NA,NA,NA,NA,NA,NA,NA,"ASSP",NA,NA,"Calif. Institute of Env'l Studies (CIES)/Channel Islands National Park (CHIS)",NA,"N",NA
"2021-05-08_SBI_ESP","SBI","SBI","ESP","Scorpion Rock",33.482528,-119.041599,2021-05-08,2021,5,8,1,2021-05-08 21:00:00,2021-05-09 02:30:00,NA,NA,NA,NA,NA,NA,NA,NA,NA,NA,"ASSP",NA,NA,"Calif. Institute of Env'l Studies (CIES)/Channel Islands National Park (CHIS)",NA,"N",NA
"2021-05-09_SBI_ESP","SBI","SBI","ESP","Scorpion Rock",33.482528,-119.041599,2021-05-09,2021,5,9,2,2021-05-09 21:00:00,2021-05-10 02:30:00,NA,NA,NA,NA,NA,NA,NA,NA,NA,NA,"ASSP",NA,NA,"Calif. Institute of Env'l Studies (CIES)/Channel Islands National Park (CHIS)",NA,"N",NA
"2021-06-16_SBI_ESP","SBI","SBI","ESP","Scorpion Rock",33.482528,-119.041599,2021-06-16,2021,6,16,1,2021-06-16 21:30:00,2021-06-17 02:30:00,NA,NA,NA,NA,NA,NA,NA,NA,NA,NA,"ASSP",NA,NA,"Calif. Institute of Env'l Studies (CIES)/Channel Islands National Park (CHIS)",NA,"N",NA
"2021-06-17_SBI_ESP","SBI","SBI","ESP","Scorpion Rock",33.482528,-119.041599,2021-06-17,2021,6,17,2,2021-06-17 21:00:00,2021-06-18 02:30:00,NA,NA,NA,NA,NA,NA,NA,NA,NA,NA,"ASSP",NA,NA,"Calif. Institute of Env'l Studies (CIES)/Channel Islands National Park (CHIS)",NA,"N",NA
"2021-06-18_SBI_AP","SBI","SBI","AP","Arch Point",33.487622,-119.028535,2021-06-18,2021,6,18,1,2021-06-18 21:00:00,2021-06-19 02:30:00,NA,NA,NA,NA,NA,NA,NA,NA,NA,NA,"ASSP",NA,NA,"Calif. Institute of Env'l Studies (CIES)/Channel Islands National Park (CHIS)",NA,"N",NA
"2021-06-19_SBI_AP","SBI","SBI","AP","Arch Point",33.487622,-119.028535,2021-06-19,2021,6,19,2,2021-06-19 21:00:00,2021-06-20 02:30:00,NA,NA,NA,NA,NA,NA,NA,NA,NA,NA,"ASSP",NA,NA,"Calif. Institute of Env'l Studies (CIES)/Channel Islands National Park (CHIS)",NA,"N",NA
"2021-07-09_SBI_AP","SBI","SBI","AP","Arch Point",33.487622,-119.028535,2021-07-09,2021,7,9,1,2021-07-09 21:00:00,2021-07-10 02:30:00,NA,NA,NA,NA,NA,NA,NA,NA,NA,NA,"ASSP",NA,NA,"Calif. Institute of Env'l Studies (CIES)/Channel Islands National Park (CHIS)",NA,"N",NA
"2021-07-10_SBI_AP","SBI","SBI","AP","Arch Point",33.487622,-119.028535,2021-07-10,2021,7,10,2,2021-07-10 21:00:00,2021-07-11 02:30:00,NA,NA,NA,NA,NA,NA,NA,NA,NA,NA,"ASSP",NA,NA,"Calif. Institute of Env'l Studies (CIES)/Channel Islands National Park (CHIS)",NA,"N",NA
"2021-07-11_SBI_ESP","SBI","SBI","ESP","Scorpion Rock",33.482528,-119.041599,2021-07-11,2021,7,11,1,2021-07-11 21:00:00,2021-07-12 02:30:00,NA,NA,NA,NA,NA,NA,NA,NA,NA,NA,"ASSP",NA,NA,"Calif. Institute of Env'l Studies (CIES)/Channel Islands National Park (CHIS)",NA,"N",NA
"2021-07-12_SBI_ESP","SBI","SBI","ESP","Scorpion Rock",33.482528,-119.041599,2021-07-12,2021,7,12,2,2021-07-12 21:00:00,2021-07-13 02:30:00,NA,NA,NA,NA,NA,NA,NA,NA,NA,NA,"ASSP",NA,NA,"Calif. Institute of Env'l Studies (CIES)/Channel Islands National Park (CHIS)",NA,"N",NA
"2021-08-06_SBI_AP","SBI","SBI","AP","Arch Point",33.487622,-119.028535,2021-08-06,2021,8,6,1,2021-08-06 21:00:00,2021-08-07 02:30:00,NA,NA,NA,NA,NA,NA,NA,NA,NA,NA,"ASSP",NA,NA,"Calif. Institute of Env'l Studies (CIES)/Channel Islands National Park (CHIS)",NA,"N",NA
"2021-08-07_SBI_AP","SBI","SBI","AP","Arch Point",33.487622,-119.028535,2021-08-07,2021,8,7,2,2021-08-07 21:00:00,2021-08-08 02:30:00,NA,NA,NA,NA,NA,NA,NA,NA,NA,NA,"ASSP",NA,NA,"Calif. Institute of Env'l Studies (CIES)/Channel Islands National Park (CHIS)",NA,"N",NA
"2021-08-08_SBI_ESP","SBI","SBI","ESP","Scorpion Rock",33.482528,-119.041599,2021-08-08,2021,8,8,1,2021-08-08 21:00:00,2021-08-09 02:30:00,NA,NA,NA,NA,NA,NA,NA,NA,NA,NA,"ASSP",NA,NA,"Calif. Institute of Env'l Studies (CIES)/Channel Islands National Park (CHIS)",NA,"N",NA
"2021-08-09_SBI_ESP","SBI","SBI","ESP","Scorpion Rock",33.482528,-119.041599,2021-08-09,2021,8,9,2,2021-08-09 21:00:00,2021-08-10 02:30:00,NA,NA,NA,NA,NA,NA,NA,NA,NA,NA,"ASSP",NA,NA,"Calif. Institute of Env'l Studies (CIES)/Channel Islands National Park (CHIS)",NA,"N",NA
"2021-05-13_SCI_SR","SCI","SR","SR","Scorpion Rock",34.047666,-119.547674,2021-05-13,2021,5,13,1,2021-05-13 21:00:00,2021-05-14 02:30:00,NA,NA,NA,NA,NA,NA,NA,NA,NA,NA,"ASSP",NA,NA,"Calif. Institute of Env'l Studies (CIES)/Channel Islands National Park (CHIS)",NA,"N",NA
"2021-05-14_SCI_SR","SCI","SR","SR","Scorpion Rock",34.047666,-119.547674,2021-05-14,2021,5,14,2,2021-05-14 21:00:00,2021-05-15 02:30:00,NA,NA,NA,NA,NA,NA,NA,NA,NA,NA,"ASSP",NA,NA,"Calif. Institute of Env'l Studies (CIES)/Channel Islands National Park (CHIS)",NA,"N",NA
"2021-06-05_SCI_SR","SCI","SR","SR","Scorpion Rock",34.047666,-119.547674,2021-06-05,2021,6,5,1,2021-06-05 21:00:00,2021-06-06 02:30:00,NA,NA,NA,NA,NA,NA,NA,NA,NA,NA,"ASSP",NA,NA,"Calif. Institute of Env'l Studies (CIES)/Channel Islands National Park (CHIS)",NA,"N",NA
"2021-06-06_SCI_SR","SCI","SR","SR","Scorpion Rock",34.047666,-119.547674,2021-06-06,2021,6,6,2,2021-06-06 21:00:00,2021-06-07 02:30:00,NA,NA,NA,NA,NA,NA,NA,NA,NA,NA,"ASSP",NA,NA,"Calif. Institute of Env'l Studies (CIES)/Channel Islands National Park (CHIS)",NA,"N",NA
"2021-07-09_SCI_SR","SCI","SR","SR","Scorpion Rock",34.047666,-119.547674,2021-07-09,2021,7,9,1,2021-07-09 21:30:00,2021-07-10 02:30:00,NA,NA,NA,NA,NA,NA,NA,NA,NA,NA,"ASSP",NA,NA,"Calif. Institute of Env'l Studies (CIES)/Channel Islands National Park (CHIS)",NA,"N",NA
"2021-07-10_SCI_SR","SCI","SR","SR","Scorpion Rock",34.047666,-119.547674,2021-07-10,2021,7,10,2,2021-07-10 21:20:00,2021-07-11 02:00:00,NA,NA,NA,NA,NA,NA,NA,NA,NA,NA,"ASSP",NA,NA,"Calif. Institute of Env'l Studies (CIES)/Channel Islands National Park (CHIS)",NA,"N",NA
"2021-08-07_SCI_SR","SCI","SR","SR","Scorpion Rock",34.047666,-119.547674,2021-08-07,2021,8,7,1,2021-08-07 21:00:00,2021-08-08 02:30:00,NA,NA,NA,NA,NA,NA,NA,NA,NA,NA,"ASSP",NA,NA,"Calif. Institute of Env'l Studies (CIES)/Channel Islands National Park (CHIS)",NA,"N",NA
"2021-08-08_SCI_SR","SCI","SR","SR","Scorpion Rock",34.047666,-119.547674,2021-08-08,2021,8,8,2,2021-08-08 21:00:00,2021-08-09 02:30:00,NA,NA,NA,NA,NA,NA,NA,NA,NA,NA,"ASSP",NA,NA,"Calif. Institute of Env'l Studies (CIES)/Channel Islands National Park (CHIS)",NA,"N",NA
