"","catch_ID","session_ID","month","day","year","island_code","subisland_code","site_code","lat","long","capture_time","capture_hour","capture_min","release_time","species","band_no","recapture","diet","BP","uncorr_mass","mass_tare","mass_corr","culmen","skull_length","tarsus","wing","tail","sex","measurers","flagged","notes"
"1","20050707_SCI_ND_01","20050707_SCI_ND",7,7,2005,"SCI","SR","ND","ND","ND","7/8/2005 3:20",3,20,"7/8/2005 3:32","CAAU","1313-70010","N","N","ND","200","31","169","ND","ND","ND","ND","ND","ND","JA","N","TDR = 9985"
"2","19940514_ANI_RR_01","19940514_ANI_RR",5,14,1994,"ANI","WAI","RR","34.013764","-119.442644","5/14/1994 22:25",22,25,"ND","ASSP","1401-60726","Y","N","0","31","0","31","14.3","ND","21.6","136","ND","ND","HRC, MOP","N",NA
"3","19940514_ANI_RR_02","19940514_ANI_RR",5,14,1994,"ANI","WAI","RR","34.013764","-119.442644","5/14/1994 20:59",20,59,"ND","ASSP","1401-60783","N","N","0","35","0","35","14.3","ND","22.9","131","ND","ND","HRC, MOP","N",NA
"4","19940514_ANI_RR_03","19940514_ANI_RR",5,14,1994,"ANI","WAI","RR","34.013764","-119.442644","5/14/1994 22:25",22,25,"ND","ASSP","1401-60784","N","N","0","26","0","26","13.7","ND","20.6","130","ND","ND","HRC, MOP","N",NA
"5","19940514_ANI_RR_04","19940514_ANI_RR",5,14,1994,"ANI","WAI","RR","34.013764","-119.442644","5/14/1994 22:25",22,25,"ND","ASSP","1401-60785","N","N","4","35","0","35","15","ND","23.9","135","ND","ND","HRC, MOP","N",NA
"6","19940514_ANI_RR_05","19940514_ANI_RR",5,14,1994,"ANI","WAI","RR","34.013764","-119.442644","5/14/1994 23:01",23,1,"ND","ASSP","1401-60786","N","N","4","38","0","38","14.3","ND","23.7","133","ND","ND","HRC, MOP","N",NA
"7","19940514_ANI_RR_06","19940514_ANI_RR",5,14,1994,"ANI","WAI","RR","34.013764","-119.442644","5/14/1994 23:18",23,18,"ND","ASSP","1401-60787","N","N","1","33","0","33","13.9","ND","22.6","130","ND","ND","HRC, MOP","N",NA
"8","19940514_ANI_RR_07","19940514_ANI_RR",5,14,1994,"ANI","WAI","RR","34.013764","-119.442644","5/14/1994 23:35",23,35,"ND","ASSP","1401-60788","N","N","3","44","0","44","13.8","ND","20","143","ND","ND","HRC, MOP","N",NA
"9","19940514_ANI_RR_08","19940514_ANI_RR",5,14,1994,"ANI","WAI","RR","34.013764","-119.442644","5/14/1994 23:38",23,38,"ND","ASSP","1401-60789","N","N","0","44","0","44","14.2","ND","22.5","133","ND","ND","HRC, MOP","N",NA
"10","19940514_ANI_RR_09","19940514_ANI_RR",5,14,1994,"ANI","WAI","RR","34.013764","-119.442644","5/15/1994 0:01",0,1,"ND","ASSP","1401-60790","N","N","4","36","0","36","14.2","ND","21.7","139","ND","ND","HRC, MOP","N",NA
"11","19940514_ANI_RR_10","19940514_ANI_RR",5,14,1994,"ANI","WAI","RR","34.013764","-119.442644","5/15/1994 1:03",1,3,"ND","ASSP","1401-60791","N","N","0","36","0","36","14.4","ND","22","142","ND","ND","HRC, MOP","N",NA
"12","20040819_SCI_ND_01","20040819_SCI_ND",8,19,2004,"SCI","SR","ND","ND","ND","8/19/2004 21:07",21,7,"8/19/2004 21:28","ASSP","1901-38340","N","N","4.5","64","27","37","14.88","37.59","23.26","138","ND","F","JA","N","RADIO = 4680; PUKED OIL - FULL BELLY"
"13","20040819_SCI_ND_02","20040819_SCI_ND",8,19,2004,"SCI","SR","ND","ND","ND","8/19/2004 21:07",21,7,"8/19/2004 21:17","ASSP","1901-38341","N","N","0","58","26","32","13.89","37.23","24.05","138","ND","ND","HMN","N","SECOND COVERTS VERY WORN/EATEN, PRIM WORN-FEATHER MITES"
"14","20040819_SCI_ND_03","20040819_SCI_ND",8,19,2004,"SCI","SR","ND","ND","ND","8/19/2004 21:19",21,19,"8/19/2004 22:29","ASSP","1901-38342","N","N","0","62","26","36","14.09","39.72","23.04","142","ND","ND","HMN","N","PUKED OIL"
"15","20040819_SCI_ND_04","20040819_SCI_ND",8,19,2004,"SCI","SR","ND","ND","ND","8/19/2004 22:36",22,36,"8/19/2004 22:49","ASSP","1901-38343","N","N","0","58","26","32","15.02","38.17","22.94","141","ND","ND","JA","N",NA
"16","20040819_SCI_ND_05","20040819_SCI_ND",8,19,2004,"SCI","SR","ND","ND","ND","8/19/2004 22:46",22,46,"8/19/2004 22:53","ASSP","1901-38344","N","N","0","61","26","35","ND","ND","ND","138","ND","ND","JA","N",NA
"17","20040819_SCI_ND_06","20040819_SCI_ND",8,19,2004,"SCI","SR","ND","ND","ND","8/19/2004 22:49",22,49,"8/19/2004 23:22","ASSP","1901-38345","N","N","4","64","25","39","14.12","39.03","23.75","142","ND","F","HMN","N","RADIO = 4583; HR THINKS MALE"
"18","20040819_SCI_ND_07","20040819_SCI_ND",8,19,2004,"SCI","SR","ND","ND","ND","8/19/2004 22:49",22,49,"8/19/2004 22:59","ASSP","1901-38346","N","N","3","60","26","34","14.89","36.9","23.48","145","ND","ND","JA","N",NA
"19","20040819_SCI_ND_08","20040819_SCI_ND",8,19,2004,"SCI","SR","ND","ND","ND","8/19/2004 23:43",23,43,"8/19/2004 23:54","ASSP","1901-38347","N","N","0","62","26","36","15.11","38.54","24.35","150","ND","ND","HMN","N",NA
"20","20040819_SCI_ND_09","20040819_SCI_ND",8,19,2004,"SCI","SR","ND","ND","ND","8/20/2004 0:20",0,20,"8/20/2004 0:33","ASSP","1901-38348","N","N","4.5","62","26","36","15.23","37.4","23.9","142","ND","ND","HG","N",NA
"21","20040819_SCI_ND_10","20040819_SCI_ND",8,19,2004,"SCI","SR","ND","ND","ND","8/20/2004 0:43",0,43,"8/20/2004 0:54","ASSP","1901-38349","N","N","4.5","62","31","31","14.8","38.56","24.12","146","ND","ND","HG","N",NA
"22","20040819_SCI_ND_11","20040819_SCI_ND",8,19,2004,"SCI","SR","ND","ND","ND","8/20/2004 1:00",1,0,"8/20/2004 1:16","ASSP","1901-38350","N","N","4","64","31","33","14.49","38.67","24.91","142","ND","ND","HG","N",NA
"23","20040624_SCI_ND_01","20040624_SCI_ND",6,24,2004,"SCI","SR","ND","ND","ND","6/24/2004 23:48",23,48,"6/24/2004 23:53","ASSP","1961-16168","N","N","3","68","27","41","14.95","39.83","24.05","149","ND","ND","JA","N",NA
"24","20040624_SCI_ND_02","20040624_SCI_ND",6,24,2004,"SCI","SR","ND","ND","ND","6/24/2004 23:55",23,55,"6/24/2004 23:58","ASSP","1961-16169","N","N","0","60","27","33","15.15","39.04","23.25","140","ND","ND","JA","N",NA
"25","20040624_SCI_ND_03","20040624_SCI_ND",6,24,2004,"SCI","SR","ND","ND","ND","6/25/2004 0:05",0,5,"ND","ASSP","1961-16170","N","N","2","47","13","34","14.48","38.02","22.63","145","ND","ND","JA","N",NA
"26","20040624_SCI_ND_04","20040624_SCI_ND",6,24,2004,"SCI","SR","ND","ND","ND","6/25/2004 0:08",0,8,"6/25/2004 0:18","ASSP","1961-16171","N","N","0","48","13","35","13.26","37.89","23.88","144","ND","ND","JA","N",NA
"27","20040624_SCI_ND_05","20040624_SCI_ND",6,24,2004,"SCI","SR","ND","ND","ND","6/25/2004 0:12",0,12,"6/25/2004 0:25","ASSP","1961-16172","N","N","0","61","26","35","14.51","38.62","23.25","140","ND","ND","JA","N",NA
"28","20040624_SCI_ND_06","20040624_SCI_ND",6,24,2004,"SCI","SR","ND","ND","ND","6/25/2004 0:20",0,20,"6/25/2004 0:33","ASSP","1961-16173","N","N","0","50","14","36","15.22","39.29","23.58","142","ND","ND","JA","N",NA
"29","20040624_SCI_ND_07","20040624_SCI_ND",6,24,2004,"SCI","SR","ND","ND","ND","6/25/2004 0:25",0,25,"6/25/2004 0:36","ASSP","1961-16174","N","N","0","59","25","34","14.69","37.63","23.46","142","ND","ND","JA","N",NA
"30","20040624_SCI_ND_08","20040624_SCI_ND",6,24,2004,"SCI","SR","ND","ND","ND","6/25/2004 0:38",0,38,"6/25/2004 0:42","ASSP","1961-16175","N","N","1","63","25","38","14.56","37.64","22.75","145","ND","ND","JA","N",NA
"31","20040624_SCI_ND_09","20040624_SCI_ND",6,24,2004,"SCI","SR","ND","ND","ND","6/25/2004 0:42",0,42,"6/25/2004 0:51","ASSP","1961-16176","N","N","4","61","25","36","15.86","39.49","22.74","147","ND","ND","JA","N",NA
"32","20040624_SCI_ND_10","20040624_SCI_ND",6,24,2004,"SCI","SR","ND","ND","ND","6/25/2004 0:48",0,48,"6/25/2004 1:05","ASSP","1961-16177","N","N","0","50","13","37","14.71","37.47","21.97","140","ND","ND","JA","N",NA
"33","20040624_SCI_ND_11","20040624_SCI_ND",6,24,2004,"SCI","SR","ND","ND","ND","6/25/2004 0:50",0,50,"6/25/2004 1:08","ASSP","1961-16178","N","N","3","60","25","35","14.18","36.34","22.76","143","ND","ND","JA","N",NA
"34","20040624_SCI_ND_12","20040624_SCI_ND",6,24,2004,"SCI","SR","ND","ND","ND","6/25/2004 0:50",0,50,"6/25/2004 1:10","ASSP","1961-16179","N","N","2","51","13","38","14.47","38.7","23.25","144","ND","ND","JA","N",NA
"35","20040624_SCI_ND_13","20040624_SCI_ND",6,24,2004,"SCI","SR","ND","ND","ND","6/25/2004 0:52",0,52,"6/25/2004 1:13","ASSP","1961-16180","N","N","2","60","23","37","14.93","38.2","23.24","146","ND","ND","JA","N","INJURED AULA IN NET - BLEEDING"
"36","20040624_SCI_ND_14","20040624_SCI_ND",6,24,2004,"SCI","SR","ND","ND","ND","6/25/2004 1:30",1,30,"6/25/2004 1:41","ASSP","1961-16182","N","N","2","68","30","38","15.49","39.02","22.8","149","ND","ND","JA","N",NA
"37","20040624_SCI_ND_15","20040624_SCI_ND",6,24,2004,"SCI","SR","ND","ND","ND","6/25/2004 1:30",1,30,"6/25/2004 1:44","ASSP","1961-16183","N","N","3","62","26","36","14.85","38.13","24.25","142","ND","ND","JA","N",NA
"38","20040624_SCI_ND_16","20040624_SCI_ND",6,24,2004,"SCI","SR","ND","ND","ND","6/25/2004 1:49",1,49,"6/25/2004 2:01","ASSP","1961-16184","N","N","0","55","22","33","14.76","38.5","23.21","139","ND","ND","JA","N",NA
"39","20040624_SCI_ND_17","20040624_SCI_ND",6,24,2004,"SCI","SR","ND","ND","ND","6/25/2004 1:56",1,56,"6/25/2004 2:02","ASSP","1961-16185","N","N","2","50","13","37","ND","ND","22.48","142","ND","ND","JA","N",NA
"40","20040624_SCI_ND_18","20040624_SCI_ND",6,24,2004,"SCI","SR","ND","ND","ND","6/25/2004 1:56",1,56,"6/25/2004 2:04","ASSP","1961-16186","N","N","2","50","13","37","ND","ND","ND","ND","ND","ND","JA","N",NA
"41","20150715_SMI_PI1_01","20150715_SMI_PI1",7,15,2015,"SMI","PI","PI1","34.056323","-120.332024","7/16/2015 1:59",1,59,"ND","ASSP","1971-02429","N","N","2","56","22","34","15","37.3","23.5","145","ND","ND","ND","N",NA
"42","20150715_SMI_PI1_02","20150715_SMI_PI1",7,15,2015,"SMI","PI","PI1","34.056323","-120.332024","7/16/2015 2:00",2,0,"ND","ASSP","1971-02430","N","N","3","66","25","41","14.8","38.3","22.6","136","ND","ND","ND","N",NA
"43","20160802_SCI_SR1_01","20160802_SCI_SR1",8,2,2016,"SCI","SR","SR1","34.047666","-119.547674","8/3/2016 0:11",0,11,"8/3/2016 0:19","ASSP","2461-03734","N","N","0","35","0","35","14.1","37.1","23.2","140","ND","ND","AJD, JAH","N",NA
"44","20160802_SCI_SR1_02","20160802_SCI_SR1",8,2,2016,"SCI","SR","SR1","34.047666","-119.547674","8/3/2016 0:24",0,24,"8/3/2016 0:30","ASSP","2461-03735","N","N","0","36","0","36","15.2","38.3","22.8","142","ND","ND","AJD, JAH","N",NA
"45","20160802_SCI_SR1_03","20160802_SCI_SR1",8,2,2016,"SCI","SR","SR1","34.047666","-119.547674","8/3/2016 1:05",1,5,"8/3/2016 1:15","ASSP","2461-03736","N","N","0","37","0","37","15","37.8","24.1","140","ND","ND","AJD, JAH","N",NA
"46","20160802_SCI_SR1_04","20160802_SCI_SR1",8,2,2016,"SCI","SR","SR1","34.047666","-119.547674","8/3/2016 1:13",1,13,"8/3/2016 1:21","ASSP","2461-03737","N","N","0","34","0","34","14.7","38.9","24.5","143","ND","ND","AJD, JAH","N",NA
"47","20160802_SCI_SR1_05","20160802_SCI_SR1",8,2,2016,"SCI","SR","SR1","34.047666","-119.547674","8/3/2016 1:29",1,29,"8/3/2016 1:37","ASSP","2461-03738","N","N","0","32","0","32","14.8","37.1","23.5","142","ND","ND","AJD, JAH","N",NA
"48","20160802_SCI_SR1_06","20160802_SCI_SR1",8,2,2016,"SCI","SR","SR1","34.047666","-119.547674","8/3/2016 2:02",2,2,"8/3/2016 2:08","ASSP","2461-03739","N","N","1","29","0","29","14.8","37.5","21.5","138","ND","ND","AJD, JAH","N",NA
"49","20160612_SBI_AP_01","20160612_SBI_AP",6,12,2016,"SBI","SBI","AP","33.487622","-119.028535","6/13/2015 0:41",0,41,"6/13/2015 0:42","ASSP","4501-41196","SNR","N","ND","ND","ND","ND","ND","ND","ND","ND","ND","ND","AAY, DMM, GRK","N","Same night recapture"
"50","20160612_SBI_AP_02","20160612_SBI_AP",6,12,2016,"SBI","SBI","AP","33.487622","-119.028535","6/13/2015 1:25",1,25,"6/13/2015 1:31","ASSP","4501-41199","N","N","3","37","0","37","14.6","38.9","26","145","ND","ND","AAY, DMM, GRK","N",NA
"51","20170612_SBI_AP_01","20170612_SBI_AP",6,12,2017,"SBI","SBI","AP","33.487622","-119.028535","6/13/2015 1:32",1,32,"ND","ASSP","4501-41200","N","N","0","34","0","34","13.8","37.6","23.5","141","ND","ND","AAY, DMM, GRK","N",NA
"52","20100606_SBI_SRO_01","20100606_SBI_SRO",6,6,2010,"SBI","SBI","SRO","33.484214","-119.034674","6/7/2010 0:50",0,50,"ND","ASSP","4501-41311","N","N","3","74","26","48","14.3","ND","23.3","146","ND","ND","ALH, SKT, SLA","N",NA
"53","20120827_SBI_ESP_01","20120827_SBI_ESP",8,27,2012,"SBI","SBI","ESP","33.482528","-119.041599","8/27/2011 22:35",22,35,"8/27/2011 22:44","ASSP","4501-41448","N","N","4","35","0","35","13.6","ND","22.7","136","ND","ND","SKT, AAY, MEJ, LAH","N",NA
"54","20120827_SBI_ESP_02","20120827_SBI_ESP",8,27,2012,"SBI","SBI","ESP","33.482528","-119.041599","8/27/2011 23:16",23,16,"8/27/2011 23:24","ASSP","4501-41449","N","N","4","40","0","40","13.89","ND","24.98","148","ND","ND","SKT, AAY, MEJ, LAH","N",NA
"55","20110727_ANI_RR_01","20110727_ANI_RR",7,27,2011,"ANI","WAI","RR","34.013764","-119.442644","7/27/2011 21:12",21,12,"ND","ASSP","4501-41708","N","N","3","31","0","31","13","ND","22.6","136","ND","ND","ALH, DMM, REW, MWP","N",NA
"56","20110727_ANI_RR_02","20110727_ANI_RR",7,27,2011,"ANI","WAI","RR","34.013764","-119.442644","7/27/2011 22:55",22,55,"ND","ASSP","4501-41709","N","N","3","39","0","39","14.1","ND","24.5","146","ND","ND","ALH, DMM, REW, MWP","N","Feathers worn"
"57","20110727_ANI_RR_03","20110727_ANI_RR",7,27,2011,"ANI","WAI","RR","34.013764","-119.442644","7/27/2011 23:37",23,37,"ND","ASSP","4501-41710","N","N","4","33","0","33","12.9","ND","25","142","ND","ND","ALH, DMM, REW, MWP","N","Plummage not as worn as others seen. "
"58","20110727_ANI_RR_04","20110727_ANI_RR",7,27,2011,"ANI","WAI","RR","34.013764","-119.442644","7/27/2011 23:47",23,47,"ND","ASSP","4501-41711","N","N","4","34","0","34","13.3","ND","25.2","137","ND","ND","ALH, DMM, REW, MWP","N","Plummage very worn & brown, primaries and covert. ALH accidently nicked bird with spreaders. Tarsus bleeding. Held bird until wound clotted. "
"59","20110727_ANI_RR_05","20110727_ANI_RR",7,27,2011,"ANI","WAI","RR","34.013764","-119.442644","7/27/2011 22:40",22,40,"ND","ASSP","4501-41719","N","N","ND","32","0","32","13.5","ND","24.5","137","ND","ND","ALH, DMM, REW, MWP","N","Plummage not as worn as last catch. All flight feathers worn."
"60","20110727_ANI_RR_06","20110727_ANI_RR",7,27,2011,"ANI","WAI","RR","34.013764","-119.442644","7/27/2011 22:18",22,18,"ND","ASSP","4501-41787","N","N","ND","30","0","30","ND","ND","ND","ND","ND","ND","ALH, DMM, REW, MWP","N","ASSP got stuck in net & terribly entangled. Vomitted in net. Stuck in net for very long time. A lot of brown plummage, very worn plummage. Brood patch inconclusive. "
"61","20160612_SBI_AP_03","20160612_SBI_AP",6,12,2016,"SBI","SBI","AP","33.487622","-119.028535","6/13/2015 1:11",1,11,"6/13/2015 1:16","ASSP","4501-41795","N","N","0","37","0","37","15.5","37.8","25.8","142","ND","ND","AAY, DMM, GRK","N",NA
"62","20060601_SCI_SR1_01","20060601_SCI_SR1",6,1,2006,"SCI","SR","SR1","34.047666","-119.547674","6/1/2005 21:30",21,30,"ND","ASSP","4501-95519","N","N","0","63","26","37","ND","ND","ND","141","ND","N","JA","N",NA
"63","20060601_SCI_SR1_02","20060601_SCI_SR1",6,1,2006,"SCI","SR","SR1","34.047666","-119.547674","6/1/2005 21:32",21,32,"ND","ASSP","4501-95520","N","N","1","63","26","37","ND","ND","ND","149","ND","N","JA","N",NA
"64","20060601_SCI_SR1_03","20060601_SCI_SR1",6,1,2006,"SCI","SR","SR1","34.047666","-119.547674","6/1/2005 21:38",21,38,"ND","ASSP","4501-95521","N","N","0","61","26","35","ND","ND","ND","145","ND","N","JA","N",NA
"65","20060601_SCI_SR1_04","20060601_SCI_SR1",6,1,2006,"SCI","SR","SR1","34.047666","-119.547674","6/1/2005 21:41",21,41,"ND","ASSP","4501-95522","N","Y","0","60","26","34","ND","ND","ND","145","ND","N","JA","N",NA
"66","20060601_SCI_SR1_05","20060601_SCI_SR1",6,1,2006,"SCI","SR","SR1","34.047666","-119.547674","6/1/2005 21:41",21,41,"ND","ASSP","4501-95523","N","N","3","65","27","38","ND","ND","ND","144","ND","N","JA","N",NA
"67","20060601_SCI_SR1_06","20060601_SCI_SR1",6,1,2006,"SCI","SR","SR1","34.047666","-119.547674","6/1/2005 21:38",21,38,"ND","ASSP","4501-95524","N","N","3","57","25","32","ND","ND","ND","141","ND","N","JA","N",NA
"68","20060601_SCI_SR1_07","20060601_SCI_SR1",6,1,2006,"SCI","SR","SR1","34.047666","-119.547674","6/1/2005 21:46",21,46,"ND","ASSP","4501-95525","N","N","1","64","27","37","ND","ND","ND","146","ND","N","JA","N",NA
"69","20060601_SCI_SR1_08","20060601_SCI_SR1",6,1,2006,"SCI","SR","SR1","34.047666","-119.547674","6/1/2005 21:46",21,46,"ND","ASSP","4501-95526","N","N","3","63","25","38","ND","ND","ND","141","ND","N","JA","N",NA
"70","20060601_SCI_SR1_09","20060601_SCI_SR1",6,1,2006,"SCI","SR","SR1","34.047666","-119.547674","6/1/2005 21:51",21,51,"ND","ASSP","4501-95527","N","N","3","63","26","37","ND","ND","ND","147","ND","N","JA","N",NA
"71","20060601_SCI_SR1_10","20060601_SCI_SR1",6,1,2006,"SCI","SR","SR1","34.047666","-119.547674","6/1/2005 21:56",21,56,"ND","ASSP","4501-95528","N","N","1","61","27","34","ND","ND","ND","138","ND","N","JA","N",NA
"72","20060601_SCI_SR1_11","20060601_SCI_SR1",6,1,2006,"SCI","SR","SR1","34.047666","-119.547674","6/1/2005 22:04",22,4,"ND","ASSP","4501-95529","N","N","1","62","25","37","ND","ND","ND","142","ND","N","JA","N",NA
"73","20060601_SCI_SR1_12","20060601_SCI_SR1",6,1,2006,"SCI","SR","SR1","34.047666","-119.547674","6/1/2005 22:11",22,11,"ND","ASSP","4501-95530","N","N","1","64","27","37","ND","ND","ND","150","ND","N","JA","N",NA
"74","20060601_SCI_SR1_13","20060601_SCI_SR1",6,1,2006,"SCI","SR","SR1","34.047666","-119.547674","6/1/2005 22:13",22,13,"ND","ASSP","4501-95531","N","N","0","61","25","36","ND","ND","ND","146","ND","M","JA","N",NA
"75","20060601_SCI_SR1_14","20060601_SCI_SR1",6,1,2006,"SCI","SR","SR1","34.047666","-119.547674","6/1/2005 22:17",22,17,"ND","ASSP","4501-95532","N","N","3","59","25","34","ND","ND","ND","141","ND","N","JA","N","PUKED IN NET"
"76","20060601_SCI_SR1_15","20060601_SCI_SR1",6,1,2006,"SCI","SR","SR1","34.047666","-119.547674","6/1/2005 22:24",22,24,"ND","ASSP","4501-95533","N","Y","3","62","27","35","ND","ND","ND","143","ND","F","JA","N",NA
"77","20060601_SCI_SR1_16","20060601_SCI_SR1",6,1,2006,"SCI","SR","SR1","34.047666","-119.547674","6/1/2005 22:39",22,39,"ND","ASSP","4501-95534","N","N","1","59","27","32","ND","ND","ND","141","ND","N","JA","N",NA
"78","20060601_SCI_SR1_17","20060601_SCI_SR1",6,1,2006,"SCI","SR","SR1","34.047666","-119.547674","6/1/2005 22:39",22,39,"ND","ASSP","4501-95535","N","N","3","68","27","41","ND","ND","ND","143","ND","N","JA","N",NA
"79","20060601_SCI_SR1_18","20060601_SCI_SR1",6,1,2006,"SCI","SR","SR1","34.047666","-119.547674","6/1/2005 22:46",22,46,"ND","ASSP","4501-95536","N","N","0","63","27","36","ND","ND","ND","144","ND","M","JA","N",NA
"80","20060601_SCI_SR1_19","20060601_SCI_SR1",6,1,2006,"SCI","SR","SR1","34.047666","-119.547674","6/1/2005 22:52",22,52,"ND","ASSP","4501-95537","N","N","0","61","25","36","ND","ND","ND","141","ND","N","JA","N",NA
"81","20060601_SCI_SR1_20","20060601_SCI_SR1",6,1,2006,"SCI","SR","SR1","34.047666","-119.547674","6/1/2005 22:49",22,49,"ND","ASSP","4501-95538","N","N","1","62","27","35","ND","ND","ND","140","ND","N","JA","N",NA
"82","20060601_SCI_SR1_21","20060601_SCI_SR1",6,1,2006,"SCI","SR","SR1","34.047666","-119.547674","6/1/2005 23:02",23,2,"ND","ASSP","4501-95539","N","N","0","67","27","40","ND","ND","ND","143","ND","N","JA","N",NA
"83","20060601_SCI_SR1_22","20060601_SCI_SR1",6,1,2006,"SCI","SR","SR1","34.047666","-119.547674","6/1/2005 23:04",23,4,"ND","ASSP","4501-95540","N","N","0","63","27","36","ND","ND","ND","141","ND","N","JA","N",NA
"84","20060601_SCI_SR1_23","20060601_SCI_SR1",6,1,2006,"SCI","SR","SR1","34.047666","-119.547674","6/1/2005 23:13",23,13,"ND","ASSP","4501-95541","N","Y","0","62","26","36","ND","ND","ND","138","ND","N","JA","N",NA
"85","20060601_SCI_SR1_24","20060601_SCI_SR1",6,1,2006,"SCI","SR","SR1","34.047666","-119.547674","6/1/2005 23:20",23,20,"ND","ASSP","4501-95542","N","N","0","63","26","37","ND","ND","ND","142","ND","F","JA","N",NA
"86","20060601_SCI_SR1_25","20060601_SCI_SR1",6,1,2006,"SCI","SR","SR1","34.047666","-119.547674","6/1/2005 23:25",23,25,"ND","ASSP","4501-95543","N","N","3","62","26","36","ND","ND","ND","145","ND","F","JA","N",NA
"87","20060601_SCI_SR1_26","20060601_SCI_SR1",6,1,2006,"SCI","SR","SR1","34.047666","-119.547674","6/1/2005 23:27",23,27,"ND","ASSP","4501-95544","N","Y","0","66","27","39","ND","ND","ND","144","ND","N","JA","N",NA
"88","20060601_SCI_SR1_27","20060601_SCI_SR1",6,1,2006,"SCI","SR","SR1","34.047666","-119.547674","6/1/2005 23:38",23,38,"ND","ASSP","4501-95545","N","Y","1","59","26","33","ND","ND","ND","142","ND","N","JA","N",NA
"89","20060601_SCI_SR1_28","20060601_SCI_SR1",6,1,2006,"SCI","SR","SR1","34.047666","-119.547674","6/1/2005 23:42",23,42,"ND","ASSP","4501-95546","N","N","0","62","26","36","ND","ND","ND","145","ND","N","JA","N",NA
"90","20060601_SCI_SR1_29","20060601_SCI_SR1",6,1,2006,"SCI","SR","SR1","34.047666","-119.547674","6/1/2005 23:42",23,42,"ND","ASSP","4501-95547","N","N","1","61","26","35","ND","ND","ND","140","ND","N","JA","N",NA
"91","20060601_SCI_SR1_30","20060601_SCI_SR1",6,1,2006,"SCI","SR","SR1","34.047666","-119.547674","6/1/2005 23:48",23,48,"ND","ASSP","4501-95548","N","N","0","62","26","36","ND","ND","ND","145","ND","N","JA","N",NA
"92","20060601_SCI_SR1_31","20060601_SCI_SR1",6,1,2006,"SCI","SR","SR1","34.047666","-119.547674","6/1/2005 23:54",23,54,"ND","ASSP","4501-95549","N","N","1","64","26","38","ND","ND","ND","144","ND","N","JA","N",NA
"93","20060601_SCI_SR1_32","20060601_SCI_SR1",6,1,2006,"SCI","SR","SR1","34.047666","-119.547674","6/1/2005 23:52",23,52,"ND","ASSP","4501-95550","N","N","0","59","27","32","ND","ND","ND","138","ND","N","JA","N",NA
"94","20060601_SCI_SR1_33","20060601_SCI_SR1",6,1,2006,"SCI","SR","SR1","34.047666","-119.547674","6/2/2005 0:01",0,1,"ND","ASSP","4501-95551","N","N","0","65","27","38","ND","ND","ND","145","ND","N","JA","N",NA
"95","20060601_SCI_SR1_34","20060601_SCI_SR1",6,1,2006,"SCI","SR","SR1","34.047666","-119.547674","6/2/2005 0:01",0,1,"ND","ASSP","4501-95552","N","Y","1","61","26","35","ND","ND","ND","139","ND","N","JA","N","DIET STRESS MARKS ON TAIL - PHOTOS TAKEN"
"96","20060601_SCI_SR1_35","20060601_SCI_SR1",6,1,2006,"SCI","SR","SR1","34.047666","-119.547674","6/2/2005 0:06",0,6,"ND","ASSP","4501-95553","N","N","3","62","27","35","ND","ND","ND","142","ND","N","JA","N",NA
"97","20060601_SCI_SR1_36","20060601_SCI_SR1",6,1,2006,"SCI","SR","SR1","34.047666","-119.547674","6/2/2005 0:17",0,17,"ND","ASSP","4501-95554","N","N","0","64","27","37","ND","ND","ND","143","ND","N","JA","N","PRIMARIES WORN"
"98","20060601_SCI_SR1_37","20060601_SCI_SR1",6,1,2006,"SCI","SR","SR1","34.047666","-119.547674","6/2/2005 0:19",0,19,"ND","ASSP","4501-95555","N","N","0","65","25","40","ND","ND","ND","140","ND","N","JA","N",NA
"99","20060601_SCI_SR1_38","20060601_SCI_SR1",6,1,2006,"SCI","SR","SR1","34.047666","-119.547674","6/2/2005 0:27",0,27,"ND","ASSP","4501-95556","N","N","3","67","27","40","ND","ND","ND","145","ND","N","JA","N",NA
"100","20060601_SCI_SR1_39","20060601_SCI_SR1",6,1,2006,"SCI","SR","SR1","34.047666","-119.547674","6/2/2005 0:32",0,32,"ND","ASSP","4501-95557","N","N","0","60","25","35","ND","ND","ND","139","ND","N","JA","N",NA
"101","20060601_SCI_SR1_40","20060601_SCI_SR1",6,1,2006,"SCI","SR","SR1","34.047666","-119.547674","6/2/2005 0:32",0,32,"ND","ASSP","4501-95558","N","N","0","62","26","36","ND","ND","ND","142","ND","N","JA","N",NA
"102","20060601_SCI_SR1_41","20060601_SCI_SR1",6,1,2006,"SCI","SR","SR1","34.047666","-119.547674","6/2/2005 0:32",0,32,"ND","ASSP","4501-95559","N","N","0","61","27","34","ND","ND","ND","144","ND","N","JA","N",NA
"103","20060601_SCI_SR1_42","20060601_SCI_SR1",6,1,2006,"SCI","SR","SR1","34.047666","-119.547674","6/2/2005 0:44",0,44,"ND","ASSP","4501-95560","N","N","0","64","26","38","ND","ND","ND","145","ND","N","JA","N",NA
"104","20060601_SCI_SR1_43","20060601_SCI_SR1",6,1,2006,"SCI","SR","SR1","34.047666","-119.547674","6/2/2005 0:53",0,53,"ND","ASSP","4501-95561","N","Y","1","67","26","41","ND","ND","ND","148","ND","N","JA","N",NA
"105","20060601_SCI_SR1_44","20060601_SCI_SR1",6,1,2006,"SCI","SR","SR1","34.047666","-119.547674","6/2/2005 0:58",0,58,"ND","ASSP","4501-95562","N","Y","0","61","26","35","ND","ND","ND","144","ND","N","JA","N",NA
"106","20060601_SCI_SR1_45","20060601_SCI_SR1",6,1,2006,"SCI","SR","SR1","34.047666","-119.547674","6/2/2005 1:13",1,13,"ND","ASSP","4501-95563","N","N","0","60","26","34","ND","ND","ND","142","ND","ND","JA","N",NA
"107","20060601_SCI_SR1_46","20060601_SCI_SR1",6,1,2006,"SCI","SR","SR1","34.047666","-119.547674","6/2/2005 1:21",1,21,"ND","ASSP","4501-95565","N","N","1","58","26","32","ND","ND","ND","137","ND","N","JA","N",NA
"108","20060601_SCI_SR1_47","20060601_SCI_SR1",6,1,2006,"SCI","SR","SR1","34.047666","-119.547674","6/2/2005 1:33",1,33,"ND","ASSP","4501-95566","N","N","3","60","26","34","ND","ND","ND","136","ND","N","JA","N",NA
"109","20060601_SCI_SR1_48","20060601_SCI_SR1",6,1,2006,"SCI","SR","SR1","34.047666","-119.547674","6/2/2005 1:37",1,37,"ND","ASSP","4501-95567","N","N","0","62","26","36","ND","ND","ND","143","ND","N","JA","N",NA
"110","20060601_SCI_SR1_49","20060601_SCI_SR1",6,1,2006,"SCI","SR","SR1","34.047666","-119.547674","6/2/2005 1:40",1,40,"ND","ASSP","4501-95568","N","Y","1","58","25","33","ND","ND","ND","141","ND","N","JA","N",NA
"111","20060601_SCI_SR1_50","20060601_SCI_SR1",6,1,2006,"SCI","SR","SR1","34.047666","-119.547674","6/2/2005 1:45",1,45,"ND","ASSP","4501-95569","N","N","4.5","59","26","33","ND","ND","ND","133","ND","N","JA","N",NA
"112","20060601_SCI_SR1_51","20060601_SCI_SR1",6,1,2006,"SCI","SR","SR1","34.047666","-119.547674","6/2/2005 1:57",1,57,"ND","ASSP","4501-95570","N","N","0","64","26","38","ND","ND","ND","141","ND","N","JA","N",NA
"113","20040819_SCI_ND_12","20040819_SCI_ND",8,19,2004,"SCI","SR","ND","ND","ND","8/19/2004 23:23",23,23,"8/19/2004 23:31","ASSP","7901-02732","Y","N","0","61","25","36","ND","ND","ND","ND","ND","ND","JA","N","RECAPTURE? BANDED 7/21/04 SCORPION"
"114","20040624_SCI_ND_19","20040624_SCI_ND",6,24,2004,"SCI","SR","ND","ND","ND","6/25/2004 1:33",1,33,"6/25/2004 1:46","ASSP","notbanded","N","N","ND","60","23","37","14.66","37.99","24.21","142","ND","ND","JA","Y","NOT BANDED"
