"","session_ID","island_code","subisland_code","site_code","site_name","lat","long","session_date","session_year","session_month","session_day","series_ID","net_open_1","net_close_1","net_open_2","net_close_2","net_open_3","net_close_3","net_open_4","net_close_4","net_open_5","net_close_5","net_mesh","net_dim","spp_audio_file","dB_level","speaker_system","org","notes","flagged","flagged_notes"
"1","1994-06-16_SBI_AP","SBI","SBI","AP","Arch Point",33.487622,-119.028535,1994-06-16,1994,"06","16",1,"6/17/1994 1:36","6/17/1994 2:40",NA,NA,NA,NA,NA,NA,NA,NA,"38","12 x 2.6","ASSP","ND","Tape recorder","PRBO (Point Blue Conservation Science)","Several large petrels fluttered over tape recorder around 02:00, one bounced out of net (probably BLSP)","N",NA
"2","1994-07-03_SBI_AP","SBI","SBI","AP","Arch Point",33.487622,-119.028535,1994-07-03,1994,"07","03",1,"7/4/1994 0:30","7/4/1994 3:30",NA,NA,NA,NA,NA,NA,NA,NA,"38","12 x 2.6","ASSP","ND","Regular sized cassette tape player with no external speakers","PRBO (Point Blue Conservation Science)",NA,"N",NA
"3","1994-07-13_SBI_AP","SBI","SBI","AP","Arch Point",33.487622,-119.028535,1994-07-13,1994,"07","13",1,"7/14/1994 0:00","7/14/1994 3:00",NA,NA,NA,NA,NA,NA,NA,NA,"38","12 x 2.6","ASSP","ND","Regular sized cassette tape player with no external speakers","PRBO (Point Blue Conservation Science)",NA,"N",NA
"4","1994-05-03_ANI_CC","ANI","EAI","CC","Cathedral Cove",34.014197,-119.371283,1994-05-03,1994,"05","03",1,"5/3/1994 20:30","5/4/1994 2:20",NA,NA,NA,NA,NA,NA,NA,NA,"ND","9 x 2.6","ASSP","ND","Small cassette player","Humboldt State University (H. Carter & D. Whitworth)","Wx sky clear, SW wind 5 kts. No wind @ 21:40. 20:58 WEGU in net, lights from mainland highly visible, light from lighthouse not a factor nor foghorn. 2:20 closed down net due to no activity.","N",NA
"5","1994-05-05_ANI_CC","ANI","EAI","CC","Cathedral Cove",34.014197,-119.371283,1994-05-05,1994,"05","05",2,"5/5/1994 20:43","5/6/1994 4:20",NA,NA,NA,NA,NA,NA,NA,NA,"ND","9 x 2.6","ASSP","ND","Small cassette player","Humboldt State University (H. Carter & D. Whitworth)","Wx partly cloudy, NW wind 15 kts, lights from platform and mainland, no foghorn. 22:00 lots of lightening high in sky. 24:00 clear, wind 0-5 kts. ","N",NA
"6","1994-04-15_ANI_EAI_N","ANI","EAI","EAI_N","EAI North side, dock area",34.016411,-119.362333,1994-04-15,1994,"04","15",1,"4/15/1994 20:36","4/15/1994 21:05","4/15/1994 21:20","4/15/1994 22:00","4/15/1994 22:15","4/15/1994 23:01","4/15/1994 23:18","4/16/1994 2:57","4/16/1994 3:27","4/16/1994 4:50","ND","9 x 2.6","ASSP","ND","Small cassette player","Humboldt State University (H. Carter & D. Whitworth)","Wx clear, cool, NW wind 5-8 kts, moon waxing crescent. 21:30 thick high fog layer moved in, foghorn 2 sec blast followed by 12 sec silence. 23:01 fog moved out.","N",NA
"7","1994-05-02_ANI_EAI_N","ANI","EAI","EAI_N","EAI North side, dock area",34.016411,-119.362333,1994-05-02,1994,"05","02",1,"5/2/1994 21:30","5/2/1994 22:00","5/2/1994 22:15","5/2/1994 23:00","5/2/1994 23:15","5/2/1994 23:50","5/2/1994 23:50","5/3/1994 0:20","5/3/1994 0:20","5/3/1994 3:40","ND","9 x 2.6","ASSP","ND","Small cassette player","Humboldt State University (H. Carter & D. Whitworth)","Wx clear with distant clouds, NW wind 10-15 kts. 22:45 wind gusting 15-20 kts. 23:24 wind dropping. 0:49 wind <5 kts. 22:45 net fell down. Tape player did not work from 23:50-0:20 but eventually restarted.","N",NA
"8","1994-05-04_ANI_EAI_N","ANI","EAI","EAI_N","EAI North side, dock area",34.016411,-119.362333,1994-05-04,1994,"05","04",2,"5/4/1994 20:30","5/5/1994 5:20",NA,NA,NA,NA,NA,NA,NA,NA,"ND","9 x 2.6","ASSP","ND","Small cassette player","Humboldt State University (H. Carter & D. Whitworth)","Wx partly cloudy, NW wind 5-10 kts, gusting to 15 kts. 23:27 fogbank has obscured mainland lights but still have lighthouse and ranger's house lights. 0:05 wind 0-5 kts, oil platform visible. 21:11 heard ASSP and SCMU calling. 23:27 CAAU called nearby, 1st heard, occasional SCMU calling from Landing Cove.","N",NA
"9","1994-06-07_ANI_EAI_N","ANI","EAI","EAI_N","EAI North side, dock area",34.016411,-119.362333,1994-06-07,1994,"06","07",1,"6/7/1994 21:05","6/8/1994 3:00",NA,NA,NA,NA,NA,NA,NA,NA,"ND","9 x 2.6","ASSP","ND","Small cassette player","Humboldt State University (H. Carter & D. Whitworth)","Wx ND. From 21:47 to 2:44, ASSP sporadically calling and flying over net.","N",NA
"10","1994-04-16_ANI_EAI_S","ANI","EAI","EAI_S","EAI South Ridge",34.014217,-119.365644,1994-04-16,1994,"04","16",1,"4/16/1994 20:30","4/16/1994 21:26",NA,NA,NA,NA,NA,NA,NA,NA,"ND","9 x 2.6","ASSP","ND","Small cassette player","Humboldt State University (H. Carter & D. Whitworth)","Wx overcast, cool, NW wind 5 kts. Heard first SCMU 20:11. Closed net early because too windy.","N",NA
"11","1994-04-17_ANI_EAI_SW","ANI","EAI","EAI_SW","EAI SW end",34.013008,-119.374161,1994-04-17,1994,"04","17",1,"4/17/1994 20:26","4/18/1994 2:00","4/18/1994 2:15","4/18/1994 3:00",NA,NA,NA,NA,NA,NA,"ND","9 x 2.6","ASSP","ND","Small cassette player","Humboldt State University (H. Carter & D. Whitworth)","Wx mostly clear, NW wind 5 kts with gusts, 1/3 waxing moon. 21:15 more windy but variable. 01:20 moon set. Heard first SCMU 20:50.","N",NA
"12","1994-05-04_ANI_EAI_SW","ANI","EAI","EAI_SW","EAI SW end",34.013008,-119.374161,1994-05-04,1994,"05","04",1,"5/5/1994 3:00","5/5/1994 5:20",NA,NA,NA,NA,NA,NA,NA,NA,"ND","9 x 2.6","ASSP","ND","Small cassette player","Humboldt State University (H. Carter & D. Whitworth)","Wx 1/4 moon to east horizon. 4:00 WEGU hit net. No captures identified in banding list. ","N",NA
"13","1994-05-02_ANI_EAI_W","ANI","EAI","EAI_W","EAI west of lighthouse",34.016017,-119.359978,1994-05-02,1994,"05","02",1,"5/2/1994 21:14","5/3/1994 4:05",NA,NA,NA,NA,NA,NA,NA,NA,"ND","9 x 2.6","ASSP","ND","Small cassette player","Humboldt State University (H. Carter & D. Whitworth)","Wx clear sky, NW wind 10-15 kts, down to 5-8 kts @ 23:19. 21:14 net billowing in wind, light from lighthouse could be a problem. 22:42 CAAU heard flying by, no ASSP activity yet. 02:55 WEGU in net, removed. 04:05 no SCMU survey conducted, too much activity. ","N",NA
"14","1994-07-12_SBI_ESP","SBI","SBI","ESP","Elephant Seal Point",33.482528,-119.041599,1994-07-12,1994,"07","12",1,"7/12/1994 23:35","7/13/1994 2:35",NA,NA,NA,NA,NA,NA,NA,NA,"38","12 x 2.6","ASSP","ND","Regular sized cassette tape player with no external speakers","PRBO (Point Blue Conservation Science)",NA,"N",NA
"15","1994-08-12_SBI_ESP","SBI","SBI","ESP","Elephant Seal Point",33.482528,-119.041599,1994-08-12,1994,"08","12",1,"8/12/1994 22:50","8/13/1994 2:00",NA,NA,NA,NA,NA,NA,NA,NA,"38","12 x 2.6","ASSP","ND","Regular sized cassette tape player with no external speakers","PRBO (Point Blue Conservation Science)",NA,"N",NA
"16","1994-08-09_SBI_WCliffs","SBI","SBI","WCliffs","West Cliffs",33.477633,-119.042881,1994-08-09,1994,"08","09",1,"8/9/1994 11:15","8/10/1994 2:15",NA,NA,NA,NA,NA,NA,NA,NA,"38","12 x 2.6","ASSP","ND","Regular sized cassette tape player with no external speakers","PRBO (Point Blue Conservation Science)","4 bounce-outs, 1 unknown if ASSP or LESP (not included in no. captured)","N",NA
"17","1994-08-14_SBI_WCliffs","SBI","SBI","WCliffs","West Cliffs",33.477633,-119.042881,1994-08-14,1994,"08","14",2,"8/15/1994 0:20","8/15/1994 3:20",NA,NA,NA,NA,NA,NA,NA,NA,"38","12 x 2.6","ASSP","ND","Regular sized cassette tape player with no external speakers","PRBO (Point Blue Conservation Science)",NA,"N",NA
"18","1995-04-26_SBI_ESP","SBI","SBI","ESP","Elephant Seal Point",33.482528,-119.041599,1995-04-26,1995,"04","26",1,NA,NA,NA,NA,NA,NA,NA,NA,NA,NA,"38","12 x 2.6","ASSP","ND","Regular sized cassette tape player with no external speakers","PRBO (Point Blue Conservation Science)",NA,"Y","No net open time"
"19","1995-05-14_SBI_ESP","SBI","SBI","ESP","Elephant Seal Point",33.482528,-119.041599,1995-05-14,1995,"05","14",1,"5/14/1995 23:00","5/15/1995 2:00",NA,NA,NA,NA,NA,NA,NA,NA,"38","12 x 2.6","ASSP","ND","Regular sized cassette tape player with no external speakers","PRBO (Point Blue Conservation Science)",NA,"N",NA
"20","1995-06-03_SBI_ESP","SBI","SBI","ESP","Elephant Seal Point",33.482528,-119.041599,1995-06-03,1995,"06","03",1,"6/3/1995 23:07","6/4/1995 2:10",NA,NA,NA,NA,NA,NA,NA,NA,"38","12 x 2.6","ASSP","ND","Regular sized cassette tape player with no external speakers","PRBO (Point Blue Conservation Science)",NA,"N",NA
"21","1995-06-07_SBI_ESP","SBI","SBI","ESP","Elephant Seal Point",33.482528,-119.041599,1995-06-07,1995,"06","07",2,NA,NA,NA,NA,NA,NA,NA,NA,NA,NA,"38","12 x 2.6","ASSP","ND","Regular sized cassette tape player with no external speakers","PRBO (Point Blue Conservation Science)",NA,"Y","No net open time"
"22","1995-06-22_SBI_ESP","SBI","SBI","ESP","Elephant Seal Point",33.482528,-119.041599,1995-06-22,1995,"06","22",1,NA,NA,NA,NA,NA,NA,NA,NA,NA,NA,"38","12 x 2.6","ASSP","ND","Regular sized cassette tape player with no external speakers","PRBO (Point Blue Conservation Science)",NA,"Y","No net open time"
"23","1995-06-24_SBI_ESP","SBI","SBI","ESP","Elephant Seal Point",33.482528,-119.041599,1995-06-24,1995,"06","24",2,NA,NA,NA,NA,NA,NA,NA,NA,NA,NA,"38","12 x 2.6","ASSP","ND","Regular sized cassette tape player with no external speakers","PRBO (Point Blue Conservation Science)",NA,"Y","No net open time"
"24","1995-06-26_SBI_ESP","SBI","SBI","ESP","Elephant Seal Point",33.482528,-119.041599,1995-06-26,1995,"06","26",3,NA,NA,NA,NA,NA,NA,NA,NA,NA,NA,"38","12 x 2.6","ASSP","ND","Regular sized cassette tape player with no external speakers","PRBO (Point Blue Conservation Science)",NA,"Y","No net open time"
"25","1995-08-04_SBI_ESP","SBI","SBI","ESP","Elephant Seal Point",33.482528,-119.041599,1995-08-04,1995,"08","04",1,NA,NA,NA,NA,NA,NA,NA,NA,NA,NA,"38","12 x 2.6","ASSP","ND","Regular sized cassette tape player with no external speakers","PRBO (Point Blue Conservation Science)",NA,"Y","No net open time"
"26","1995-08-05_SBI_ESP","SBI","SBI","ESP","Elephant Seal Point",33.482528,-119.041599,1995-08-05,1995,"08","05",2,NA,NA,NA,NA,NA,NA,NA,NA,NA,NA,"38","12 x 2.6","ASSP","ND","Regular sized cassette tape player with no external speakers","PRBO (Point Blue Conservation Science)",NA,"Y","No net open time"
"27","1995-04-25_SBI_WP","SBI","SBI","WP","Websters Point",33.481075,-119.046301,1995-04-25,1995,"04","25",1,"4/25/1995 22:00","4/25/1995 23:00",NA,NA,NA,NA,NA,NA,NA,NA,"38","12 x 2.6","ASSP","ND","Regular sized cassette tape player with no external speakers","PRBO (Point Blue Conservation Science)",NA,"N",NA
"28","1995-08-03_SBI_WP","SBI","SBI","WP","Websters Point",33.481075,-119.046301,1995-08-03,1995,"08","03",1,NA,NA,NA,NA,NA,NA,NA,NA,NA,NA,"38","12 x 2.6","ASSP","ND","Regular sized cassette tape player with no external speakers","PRBO (Point Blue Conservation Science)",NA,"Y","No net open time"
"29","1996-06-06_SBI_AP","SBI","SBI","AP","Arch Point",33.487622,-119.028535,1996-06-06,1996,"06","06",1,NA,NA,NA,NA,NA,NA,NA,NA,NA,NA,"38","12 x 2.6","ASSP","ND","Regular sized cassette tape player with no external speakers","PRBO (Point Blue Conservation Science)",NA,"Y","No net open time"
"30","1996-07-17_SBI_AP","SBI","SBI","AP","Arch Point",33.487622,-119.028535,1996-07-17,1996,"07","17",1,NA,NA,NA,NA,NA,NA,NA,NA,NA,NA,"38","12 x 2.6","ASSP","ND","Regular sized cassette tape player with no external speakers","PRBO (Point Blue Conservation Science)",NA,"Y","No net open time"
"31","1996-08-15_SBI_AP","SBI","SBI","AP","Arch Point",33.487622,-119.028535,1996-08-15,1996,"08","15",1,NA,NA,NA,NA,NA,NA,NA,NA,NA,NA,"38","12 x 2.6","ASSP","ND","Regular sized cassette tape player with no external speakers","PRBO (Point Blue Conservation Science)","Most of the brood patches were refeathering","Y","No net open time"
"32","1996-06-18_SBI_ESP","SBI","SBI","ESP","Elephant Seal Point",33.482528,-119.041599,1996-06-18,1996,"06","18",1,NA,NA,NA,NA,NA,NA,NA,NA,NA,NA,"38","12 x 2.6","ASSP","ND","Regular sized cassette tape player with no external speakers","PRBO (Point Blue Conservation Science)",NA,"Y","No net open time"
"33","1996-06-23_SBI_NCliffs","SBI","SBI","NCliffs","North Cliffs",33.488461,-119.030192,1996-06-23,1996,"06","23",1,NA,NA,NA,NA,NA,NA,NA,NA,NA,NA,"38","12 x 2.6","ASSP","ND","Regular sized cassette tape player with no external speakers","PRBO (Point Blue Conservation Science)",NA,"Y","No net open time"
"34","1996-07-17_SBI_NCliffs","SBI","SBI","NCliffs","North Cliffs",33.488461,-119.030192,1996-07-17,1996,"07","17",1,"7/17/1996 23:00","7/18/1996 2:20",NA,NA,NA,NA,NA,NA,NA,NA,"38","12 x 2.6","ASSP","ND","Regular sized cassette tape player with no external speakers","PRBO (Point Blue Conservation Science)",NA,"N",NA
"35","1996-06-07_SBI_WCliffs","SBI","SBI","WCliffs","West Cliffs",33.477633,-119.042881,1996-06-07,1996,"06","07",1,NA,NA,NA,NA,NA,NA,NA,NA,NA,NA,"38","12 x 2.6","ASSP","ND","Regular sized cassette tape player with no external speakers","PRBO (Point Blue Conservation Science)",NA,"Y","No net open time"
"36","1996-07-20_SBI_WCliffs","SBI","SBI","WCliffs","West Cliffs",33.477633,-119.042881,1996-07-20,1996,"07","20",1,NA,NA,NA,NA,NA,NA,NA,NA,NA,NA,"38","12 x 2.6","ASSP","ND","Regular sized cassette tape player with no external speakers","PRBO (Point Blue Conservation Science)","Most of the brood patches were refeathering","Y","No net open time"
"37","1999-06-10_SBI_AP","SBI","SBI","AP","Arch Point",33.487622,-119.028535,1999-06-10,1999,"06","10",1,NA,NA,NA,NA,NA,NA,NA,NA,NA,NA,"38","12 x 2.6","ASSP","ND","Regular sized cassette tape player with no external speakers","PRBO (Point Blue Conservation Science)","Duration 3 hours re 1999 PRBO report. ","Y","No net open time"
"38","1999-07-14_SBI_AP","SBI","SBI","AP","Arch Point",33.487622,-119.028535,1999-07-14,1999,"07","14",1,NA,NA,NA,NA,NA,NA,NA,NA,NA,NA,"38","12 x 2.6","ASSP","ND","Regular sized cassette tape player with no external speakers","PRBO (Point Blue Conservation Science)","19 BLSP! Duration 3 hours re 1999 PRBO report","Y","No net open time"
"39","1999-05-21_SBI_ESP","SBI","SBI","ESP","Elephant Seal Point",33.482528,-119.041599,1999-05-21,1999,"05","21",1,NA,NA,NA,NA,NA,NA,NA,NA,NA,NA,"38","12 x 2.6","ASSP","ND","Regular sized cassette tape player with no external speakers","PRBO (Point Blue Conservation Science)","Duration 3 hours re 1999 PRBO report. Squid boat with bright lights arrived offshore ~1/2 mile 00:45 until 1:30","Y","No net open time"
"40","1999-05-12_SBI_WCliffs","SBI","SBI","WCliffs","West Cliffs",33.477633,-119.042881,1999-05-12,1999,"05","12",1,NA,NA,NA,NA,NA,NA,NA,NA,NA,NA,"38","12 x 2.6","ASSP","ND","Regular sized cassette tape player with no external speakers","PRBO (Point Blue Conservation Science)","Duration 2 hours re 1999 PRBO report","Y","No net open time"
"41","1999-06-11_SBI_WCliffs","SBI","SBI","WCliffs","West Cliffs",33.477633,-119.042881,1999-06-11,1999,"06","11",1,NA,NA,NA,NA,NA,NA,NA,NA,NA,NA,"38","12 x 2.6","ASSP","ND","Regular sized cassette tape player with no external speakers","PRBO (Point Blue Conservation Science)","Duration 3 hours re 1999 PRBO report","Y","No net open time"
"42","2004-07-17_SBI_AP","SBI","SBI","AP","Arch Point",33.487622,-119.028535,2004-07-17,2004,"07","17",1,"7/17/2004 21:31","7/17/2004 23:59","7/18/2004 0:40","7/18/2004 2:36",NA,NA,NA,NA,NA,NA,"ND","ND","ND","ND","ND","USGS WERC","CLEAR 0 MOON, WIND W- NW 10 KTS","Y","High CPUE, need to verify"
"43","2004-07-18_SBI_AP","SBI","SBI","AP","Arch Point",33.487622,-119.028535,2004-07-18,2004,"07","18",2,"7/18/2004 21:31","7/19/2004 2:30",NA,NA,NA,NA,NA,NA,NA,NA,"ND","ND","ND","ND","ND","USGS WERC","MINUS 5 MINUTES VOCAL OFF; WNW 10 KTS SLIVER MOON","N",NA
"44","2004-08-14_SBI_AP","SBI","SBI","AP","Arch Point",33.487622,-119.028535,2004-08-14,2004,"08","14",1,"8/14/2004 21:30","8/15/2004 2:33",NA,NA,NA,NA,NA,NA,NA,NA,"ND","ND","ND","ND","ND","USGS WERC","TOP PANNEL BLOWN - 1.0 M SQ., 2 BLSP; NW 5-10 KTS, MOSTLY CLEAR - PATCHY FOG, 0 MOON","N",NA
"45","2004-08-15_SBI_AP","SBI","SBI","AP","Arch Point",33.487622,-119.028535,2004-08-15,2004,"08","15",2,"8/15/2004 21:36","8/16/2004 1:34",NA,NA,NA,NA,NA,NA,NA,NA,"ND","ND","ND","ND","ND","USGS WERC","TOP PANNEL BLOWN - 1.0 M SQ., 1 BLSP","N",NA
"46","2004-08-16_SBI_AP","SBI","SBI","AP","Arch Point",33.487622,-119.028535,2004-08-16,2004,"08","16",3,"8/16/2004 21:30","8/17/2004 1:30",NA,NA,NA,NA,NA,NA,NA,NA,"ND","ND","ND","ND","ND","USGS WERC","MINUS 5 MIN., 4 BLSP - CALM","N",NA
"47","2004-07-18_SBI_ESP","SBI","SBI","ESP","Elephant Seal Point",33.482528,-119.041599,2004-07-18,2004,"07","18",1,"7/18/2004 21:45","7/18/2004 23:49","7/19/2004 0:30","7/19/2004 1:40","7/19/2004 2:00","7/19/2004 2:41",NA,NA,NA,NA,"ND","ND","ND","ND","ND","USGS WERC","WNW 10 KTS SLIVER MOON, CLEAR","Y","High CPUE, need to verify"
"48","2004-07-19_SBI_ESP","SBI","SBI","ESP","Elephant Seal Point",33.482528,-119.041599,2004-07-19,2004,"07","19",2,"7/19/2004 21:30","7/20/2004 2:30",NA,NA,NA,NA,NA,NA,NA,NA,"ND","ND","ND","ND","ND","USGS WERC","MINUS 5 MINUTES VOCAL OFF; W <15 KTS CLEAR, SLIVER MOON SETTING","N",NA
"49","2004-08-15_SBI_ESP","SBI","SBI","ESP","Elephant Seal Point",33.482528,-119.041599,2004-08-15,2004,"08","15",1,"8/15/2004 21:03","8/16/2004 2:31",NA,NA,NA,NA,NA,NA,NA,NA,"ND","ND","ND","ND","ND","USGS WERC","MINUS 2 MINUTES VOCAL OFF, WIND VAR <10KTS, PARTIAL FOG, 0 MOON, 0 WIND > 00:30","N",NA
"50","2004-08-16_SBI_ESP","SBI","SBI","ESP","Elephant Seal Point",33.482528,-119.041599,2004-08-16,2004,"08","16",2,"8/16/2004 21:00","8/17/2004 2:37",NA,NA,NA,NA,NA,NA,NA,NA,"ND","ND","ND","ND","ND","USGS WERC","1 LESP, 6 BLSP, CLEAR PATCHY FOG, 0 MOON WIND W 5 KTS","N",NA
"51","2004-06-22_SCI_SR","SCI","SR","SR","Scorpion Rock",34.047666,-119.547674,2004-06-22,2004,"06","22",1,"6/22/2004 21:35","6/23/2004 0:17","6/23/2004 1:07","6/23/2004 1:15","6/23/2004 1:59","6/23/2004 2:13",NA,NA,NA,NA,"ND","ND","ND","ND","ND","USGS WERC",NA,"Y","lots of NA's"
"52","2004-06-23_SCI_SR","SCI","SR","SR","Scorpion Rock",34.047666,-119.547674,2004-06-23,2004,"06","23",2,"6/23/2004 21:30","6/23/2004 23:33","6/24/2004 0:00","6/24/2004 0:58","6/24/2004 1:24","6/24/2004 1:43","6/24/2004 2:10","6/24/2004 2:31","6/24/2004 3:00","6/24/2004 3:10","ND","ND","ND","ND","ND","USGS WERC","BRPE knocked net down","Y","lots of NA's"
"53","2004-06-24_SCI_SR","SCI","SR","SR","Scorpion Rock",34.047666,-119.547674,2004-06-24,2004,"06","24",3,"6/24/2004 21:30","6/24/2004 22:55","6/24/2004 23:43","6/25/2004 1:00","6/25/2005 1:15","6/25/2004 1:56",NA,NA,NA,NA,"ND","ND","ND","ND","ND","USGS WERC","wind billowing net - moved from SR1 to SR2 (sites grouped in CPUE)","N",NA
"54","2004-07-21_SCI_SR","SCI","SR","SR","Scorpion Rock",34.047666,-119.547674,2004-07-21,2004,"07","21",1,"7/21/2004 21:30","7/22/2004 0:39","7/22/2004 2:35","7/22/2004 2:50",NA,NA,NA,NA,NA,NA,"ND","ND","ND","ND","ND","USGS WERC","CLEAR 1/5 MOON FOG IN SBCH, WIND NE 7 KTS","Y","lots of NA's"
"55","2004-07-22_SCI_SR","SCI","SR","SR","Scorpion Rock",34.047666,-119.547674,2004-07-22,2004,"07","22",2,"7/22/2004 21:30","7/23/2004 3:05",NA,NA,NA,NA,NA,NA,NA,NA,"ND","ND","ND","ND","ND","USGS WERC","CLEAR WIND WNW 5 KTS, 3/5 MOON SETTING","N",NA
"56","2004-08-18_SCI_SR","SCI","SR","SR","Scorpion Rock",34.047666,-119.547674,2004-08-18,2004,"08","18",1,"8/18/2004 20:51","8/19/2004 2:31",NA,NA,NA,NA,NA,NA,NA,NA,"ND","ND","ND","ND","ND","USGS WERC","1 LESP; 100 OCAST, 0 MOON, WIND W 5KTS","N",NA
"57","2004-08-19_SCI_SR","SCI","SR","SR","Scorpion Rock",34.047666,-119.547674,2004-08-19,2004,"08","19",2,"8/19/2004 20:45","8/20/2004 2:31",NA,NA,NA,NA,NA,NA,NA,NA,"ND","24 x 2.6","ND","ND","2 CD players","USGS WERC","MOSTLY CLEAR, 0 MOON, WIND WEST 5-10 KTS - 2 NETS, 2 CD PLAYERS SET UP","Y","2 nets open, assumed (2) 12 x 2.6"
"58","2005-07-08_SBI_AP","SBI","SBI","AP","Arch Point",33.487622,-119.028535,2005-07-08,2005,"07","08",1,"7/8/2005 21:36","7/9/2005 2:36",NA,NA,NA,NA,NA,NA,NA,NA,"ND","ND","ND","ND","ND","USGS WERC","8-10 KTS, MARTHA BROWN AND PAIGE MARTIN","N",NA
"59","2005-07-09_SBI_AP","SBI","SBI","AP","Arch Point",33.487622,-119.028535,2005-07-09,2005,"07","09",2,"7/9/2005 23:24","7/10/2005 3:30",NA,NA,NA,NA,NA,NA,NA,NA,"ND","ND","ND","ND","ND","USGS WERC","1 BLSP","N",NA
"60","2005-07-31_SBI_AP","SBI","SBI","AP","Arch Point",33.487622,-119.028535,2005-07-31,2005,"07","31",1,"7/31/2005 21:00","8/1/2005 2:04",NA,NA,NA,NA,NA,NA,NA,NA,"ND","ND","ND","ND","ND","USGS WERC","4 BLSP; WIND 10-15 KTS, THEN CALM BY 0:00; 95% OC","N",NA
"61","2005-08-01_SBI_AP","SBI","SBI","AP","Arch Point",33.487622,-119.028535,2005-08-01,2005,"08","01",2,"8/1/2005 21:00","8/2/2005 2:04",NA,NA,NA,NA,NA,NA,NA,NA,"ND","ND","ND","ND","ND","USGS WERC","1 LESP; 100 OCAST, WNW 5 KTS, CALM AT 22:00","N",NA
"62","2005-07-08_SBI_ESP","SBI","SBI","ESP","Elephant Seal Point",33.482528,-119.041599,2005-07-08,2005,"07","08",1,"7/8/2005 21:45","7/9/2005 3:00",NA,NA,NA,NA,NA,NA,NA,NA,"ND","ND","ND","ND","ND","USGS WERC","MINUS 50 MIN VOCAL OFF; 4 BLSP","N",NA
"63","2005-07-09_SBI_ESP","SBI","SBI","ESP","Elephant Seal Point",33.482528,-119.041599,2005-07-09,2005,"07","09",2,"7/9/2005 21:30","7/10/2005 3:04",NA,NA,NA,NA,NA,NA,NA,NA,"ND","ND","ND","ND","ND","USGS WERC","5 BLSP, 1 LESP; WIND <5KTS; 0:30 - 1:30 WET FOG ROLLING IN","N",NA
"64","2005-08-02_SBI_ESP","SBI","SBI","ESP","Elephant Seal Point",33.482528,-119.041599,2005-08-02,2005,"08","02",1,"8/2/2005 21:00","8/3/2005 2:04",NA,NA,NA,NA,NA,NA,NA,NA,"ND","ND","ND","ND","ND","USGS WERC","7 BLSP, 1 LESP; 100% OC 0 WIND","N",NA
"65","2005-05-28_SMI_PI","SMI","PI","PI","Prince Island",34.056323,-120.332024,2005-05-28,2005,"05","28",1,"5/28/2005 22:35","5/28/2005 23:00","5/28/2005 23:34","5/29/2005 2:00",NA,NA,NA,NA,NA,NA,"ND","ND","ND","ND","ND","USGS WERC","WIND NW 10-15 OFF PI, 1/2 MOON RISING 1:30 AM","Y","No captured?"
"66","2005-05-29_SMI_PI","SMI","PI","PI","Prince Island",34.056323,-120.332024,2005-05-29,2005,"05","29",2,"5/29/2005 21:57","5/30/2005 2:30",NA,NA,NA,NA,NA,NA,NA,NA,"ND","ND","ND","ND","ND","USGS WERC","WIND NW 15-20 KTS OFF PI, CLEAR SKY","N",NA
"67","2005-07-01_SMI_PI","SMI","PI","PI","Prince Island",34.056323,-120.332024,2005-07-01,2005,"07","01",1,"7/1/2005 22:23","7/2/2005 0:28",NA,NA,NA,NA,NA,NA,NA,NA,"ND","ND","ND","ND","ND","USGS WERC","100%OC, WINDS <5KTS VARIABLE","N",NA
"68","2005-07-02_SMI_PI","SMI","PI","PI","Prince Island",34.056323,-120.332024,2005-07-02,2005,"07","02",2,"7/2/2005 21:29","7/3/2005 2:35",NA,NA,NA,NA,NA,NA,NA,NA,"ND","ND","ND","ND","ND","USGS WERC","2 LESP","N",NA
"69","2005-07-03_SMI_PI","SMI","PI","PI","Prince Island",34.056323,-120.332024,2005-07-03,2005,"07","03",3,"7/3/2005 21:50","7/4/2005 4:00",NA,NA,NA,NA,NA,NA,NA,NA,"ND","ND","ND","ND","ND","USGS WERC","1 LESP","N",NA
"70","2005-08-06_SMI_PI","SMI","PI","PI","Prince Island",34.056323,-120.332024,2005-08-06,2005,"08","06",1,"8/6/2005 21:00","8/7/2005 1:45",NA,NA,NA,NA,NA,NA,NA,NA,"ND","ND","ND","ND","ND","USGS WERC","WIND VARIABLE 5 KTS, PARTLY CLDY","N",NA
"71","2005-08-07_SMI_PI","SMI","PI","PI","Prince Island",34.056323,-120.332024,2005-08-07,2005,"08","07",2,"8/7/2005 21:00","8/8/2005 1:45",NA,NA,NA,NA,NA,NA,NA,NA,"ND","ND","ND","ND","ND","USGS WERC","100% OC, CALM","N",NA
"72","2005-05-31_SCI_SR","SCI","SR","SR","Scorpion Rock",34.047666,-119.547674,2005-05-31,2005,"05","31",1,"5/31/2005 21:30","6/1/2005 2:00",NA,NA,NA,NA,NA,NA,NA,NA,"ND","ND","ND","ND","ND","USGS WERC","WIND WNW 10-12 KTS, HAZE MOSTLY CLR FOG BUILDING OVER SCI","N",NA
"73","2005-06-01_SCI_SR","SCI","SR","SR","Scorpion Rock",34.047666,-119.547674,2005-06-01,2005,"06","01",2,"6/1/2005 21:30","6/2/2005 2:00",NA,NA,NA,NA,NA,NA,NA,NA,"ND","ND","ND","ND","ND","USGS WERC","WIND WSW 5 KTS 100%0C - DARK","N",NA
"74","2005-06-02_SCI_SR","SCI","SR","SR","Scorpion Rock",34.047666,-119.547674,2005-06-02,2005,"06","02",3,"6/2/2005 21:30","6/3/2005 2:00",NA,NA,NA,NA,NA,NA,NA,NA,"ND","ND","ND","ND","ND","USGS WERC","WIND LIHGT 5-7 KTS, MOSTLY OVERCAST","N",NA
"75","2005-07-07_SCI_SR","SCI","SR","SR","Scorpion Rock",34.047666,-119.547674,2005-07-07,2005,"07","07",1,"7/7/2005 21:32","7/8/2005 2:48",NA,NA,NA,NA,NA,NA,NA,NA,"ND","ND","ND","ND","ND","USGS WERC","2 CAAU; WIND 5-7 NW CLEAR NO MOON, 0 WIND AT 22:30","N",NA
"76","2005-07-08_SCI_SR","SCI","SR","SR","Scorpion Rock",34.047666,-119.547674,2005-07-08,2005,"07","08",2,"7/8/2005 21:35","7/9/2005 3:56",NA,NA,NA,NA,NA,NA,NA,NA,"ND","ND","ND","ND","ND","USGS WERC","1 CAAU; CLEAR W WIND 10 KTS, 0 WIND AT 0:30","N",NA
"77","2005-07-09_SCI_SR","SCI","SR","SR","Scorpion Rock",34.047666,-119.547674,2005-07-09,2005,"07","09",3,"7/9/2005 21:30","7/10/2005 3:00",NA,NA,NA,NA,NA,NA,NA,NA,"ND","ND","ND","ND","ND","USGS WERC","1/8 MOON SETTING, W 7KTS, WIND 15 KTS AT 0:00, 0 WIND 1:40","N",NA
"78","2005-08-09_SCI_SR","SCI","SR","SR","Scorpion Rock",34.047666,-119.547674,2005-08-09,2005,"08","09",1,"8/9/2005 21:00","8/10/2005 2:02",NA,NA,NA,NA,NA,NA,NA,NA,"ND","ND","ND","ND","ND","USGS WERC","MINUS 7 MIN TO CHANGE BATTS; 1/4 MOON SETTING, <5KTS, 50% OC","N",NA
"79","2005-08-10_SCI_SR","SCI","SR","SR","Scorpion Rock",34.047666,-119.547674,2005-08-10,2005,"08","10",1,"8/10/2005 20:56","8/11/2005 1:49",NA,NA,NA,NA,NA,NA,NA,NA,"ND","ND","ND","ND","ND","USGS WERC","3/8 MOON BROKEN OC, NW 5KTS","N",NA
"80","2006-04-29_SCI_SR","SCI","SR","SR","Scorpion Rock",34.047666,-119.547674,2006-04-29,2006,"04","29",1,"4/29/2006 21:00","4/30/2006 2:01",NA,NA,NA,NA,NA,NA,NA,NA,"ND","ND","ND","ND","ND","USGS WERC","PRTLT CLDY TO CLR, 10-12 KTS NW, 5 ANCHOR LIGHTS, 0 MOON, 2153 FIRST VOCAL","N",NA
"81","2006-04-30_SCI_SR","SCI","SR","SR","Scorpion Rock",34.047666,-119.547674,2006-04-30,2006,"04","30",2,"4/30/2006 21:00","5/1/2006 2:00",NA,NA,NA,NA,NA,NA,NA,NA,"ND","ND","ND","ND","ND","USGS WERC","OVERCAST - FOGGY, VAR 5KTS, 0 BOATS, 2110 FIRST VOCAL, CAUGHT BAOW","N",NA
"82","2006-06-02_SCI_SR","SCI","SR","SR","Scorpion Rock",34.047666,-119.547674,2006-06-02,2006,"06","02",1,"6/2/2006 22:30","6/3/2006 3:00",NA,NA,NA,NA,NA,NA,NA,NA,"ND","ND","ND","ND","ND","USGS WERC","2 CAAU; 1/3 MOON, PTLY CLDY, BRIGHT, NW10-12, GUST15, MANY XAMU VOCALIZING NEAR SR, 2312 FIRST VOCAL","Y","High CPUE, need to verify"
"83","2006-06-03_SCI_SR","SCI","SR","SR","Scorpion Rock",34.047666,-119.547674,2006-06-03,2006,"06","03",2,"6/3/2006 22:30","6/4/2006 3:00",NA,NA,NA,NA,NA,NA,NA,NA,"ND","ND","ND","ND","ND","USGS WERC","40% MOON, CLEAR AND BRIGHT, 10-15 KTS GUSTY, MOONSET 01:25, WIND DEAD AT 2:05, XAMU CALLING, 2244 FIRST VOCAL","N",NA
"84","2006-06-28_SCI_SR","SCI","SR","SR","Scorpion Rock",34.047666,-119.547674,2006-06-28,2006,"06","28",1,"6/28/2006 21:30","6/29/2006 2:00",NA,NA,NA,NA,NA,NA,NA,NA,"ND","ND","ND","ND","ND","USGS WERC","BRPE FLEW THROUGH 2ND PANNEL UP - GAPING HOLE, WIND EAST <5 KTS, CLEAR SLIVER MON SETTING, 2143 FIRST PETREL SEEN, DARK STARY NIGHT, WIND <5 KTS THROUGHOUT","N",NA
"85","2006-06-29_SCI_SR","SCI","SR","SR","Scorpion Rock",34.047666,-119.547674,2006-06-29,2006,"06","29",2,"6/29/2006 21:30","6/29/2006 23:15",NA,NA,NA,NA,NA,NA,NA,NA,"ND","ND","ND","ND","ND","USGS WERC","WINDY, CLEAR AND STARY, MOON 1/5, WNW 10KTS","N",NA
"86","2006-07-26_SCI_SR","SCI","SR","SR","Scorpion Rock",34.047666,-119.547674,2006-07-26,2006,"07","26",1,"7/26/2006 21:00","7/27/2006 2:03",NA,NA,NA,NA,NA,NA,NA,NA,"ND","ND","ND","ND","ND","USGS WERC","100% CLOUDS, LOW FOG, WNW <10KTS, STARS OUT 01:15 - CALM","Y","High CPUE, need to verify"
"87","2006-07-27_SCI_SR","SCI","SR","SR","Scorpion Rock",34.047666,-119.547674,2006-07-27,2006,"07","27",2,"7/27/2006 21:00","7/28/2006 2:00",NA,NA,NA,NA,NA,NA,NA,NA,"ND","ND","ND","ND","ND","USGS WERC","WNW <10KTS, PATCHY FOG, SLIVER MOON SETTING, 5 BOATS ANCHORED CITY LIGHTS, 00:15 CLOUD COVER","N",NA
"88","2007-06-18_SMI_PI","SMI","PI","PI","Prince Island",34.056323,-120.332024,2007-06-18,2007,"06","18",1,"6/18/2007 21:30","6/19/2007 1:30",NA,NA,NA,NA,NA,NA,NA,NA,"ND","ND","ND","ND","ND","USGS WERC","CLEAR 2/5 MOON, <5KTS, David Mazurkiewicz","Y","High CPUE, need to verify"
"89","2009-04-23_SBI_ESP","SBI","SBI","ESP","Elephant Seal Point",33.482528,-119.041599,2009-04-23,2009,"04","23",1,"4/23/2009 21:44","4/24/2009 0:05","4/24/2009 0:05","4/24/2009 1:00",NA,NA,NA,NA,NA,NA,"38","9 x 2.6","Multiple","ND","ND","Calif. Institute of Env'l Studies (CIES)/Channel Islands National Park (CHIS)","Net in front of large crevice where netted in 1991. Netted from 20:30 to 21:44 without ASSP calls.","Y","Switched to BLSP calls @ net_open_2 to net_close_2. BNOW calling 0:45."
"90","2009-05-14_SBI_ESP","SBI","SBI","ESP","Elephant Seal Point",33.482528,-119.041599,2009-05-14,2009,"05","14",1,"5/14/2009 21:52","5/15/2009 1:00",NA,NA,NA,NA,NA,NA,NA,NA,"38","9 x 2.6","ASSP","ND","CD player","Calif. Institute of Env'l Studies (CIES)/Channel Islands National Park (CHIS)","Playing ASSP CD. 25 bounce-outs.Unknown band prefix.","N",NA
"91","2009-05-16_SBI_ESP","SBI","SBI","ESP","Elephant Seal Point",33.482528,-119.041599,2009-05-16,2009,"05","16",2,"5/16/2009 20:45","5/17/2009 0:02","5/17/2009 0:02","5/17/2009 0:45","5/17/2009 0:45","5/17/2009 0:58",NA,NA,NA,NA,"38","9 x 2.6","Multiple","ND","CD player","Calif. Institute of Env'l Studies (CIES)/Channel Islands National Park (CHIS)","2 bounce-outs at 21:08. Switched to BLSP CD at 0:02, switched back to ASSP 0:45. ","Y","Changing vocalization playback"
"92","2009-06-24_SBI_ESP","SBI","SBI","ESP","Elephant Seal Point",33.482528,-119.041599,2009-06-24,2009,"06","24",1,"6/24/2009 22:10","6/25/2009 1:00",NA,NA,NA,NA,NA,NA,NA,NA,"38","9 x 2.6","ASSP","ND","CD player","Calif. Institute of Env'l Studies (CIES)/Channel Islands National Park (CHIS)","Relaxed wing measurement, ASSP CD on.","N",NA
"93","2009-07-28_SBI_ESP","SBI","SBI","ESP","Elephant Seal Point",33.482528,-119.041599,2009-07-28,2009,"07","28",1,"7/28/2009 22:00","7/29/2009 1:03","7/29/2009 1:03","7/29/2009 1:30",NA,NA,NA,NA,NA,NA,"38","9 x 2.6","Multiple","ND","ND","Calif. Institute of Env'l Studies (CIES)/Channel Islands National Park (CHIS)","ASSP vocals on at first; net_open_2 to net_close_2 BLSP vocals on","Y","Changing vocalization playback"
"94","2009-08-22_SBI_ESP","SBI","SBI","ESP","Elephant Seal Point",33.482528,-119.041599,2009-08-22,2009,"08","22",1,"8/22/2009 21:55","8/22/2009 23:55","8/22/2009 23:58","8/23/2009 1:10",NA,NA,NA,NA,NA,NA,"38","9 x 2.6","ASSP","ND","CD player","Calif. Institute of Env'l Studies (CIES)/Channel Islands National Park (CHIS)","Unknown CD on (likely ASSP).","Y",""
"95","2009-06-29_SBI_NCliffs","SBI","SBI","NCliffs","North Cliffs",33.488461,-119.030192,2009-06-29,2009,"06","29",1,"6/29/2009 22:00","6/29/2009 23:50",NA,NA,NA,NA,NA,NA,NA,NA,"38","9 x 2.6","ASSP","ND","CD player","Calif. Institute of Env'l Studies (CIES)/Channel Islands National Park (CHIS)","Netting at AP (Cliffs north of weather station); ended early due to wind. Used ASSP CD.","N",NA
"96","2009-07-26_SBI_SP","SBI","SBI","SP","Signal Peak",33.471906,-119.041719,2009-07-26,2009,"07","26",1,"7/26/2009 22:00","7/27/2009 1:00","7/27/2009 1:00","7/27/2009 1:30","7/27/2009 1:30","7/27/2009 2:00",NA,NA,NA,NA,"38","9 x 2.6","Multiple","ND","CD player","Calif. Institute of Env'l Studies (CIES)/Channel Islands National Park (CHIS)","ASSP CD on; BNOW circled 23:40; net_open_2 to net_close_2 BLSP CD on; net_open_3 to net_close_3 LESP CD on.","Y","Changing vocalization playback. "
"97","2009-06-27_SBI_SRO","SBI","SBI","SRO","Shag Rock Overlook",33.484214,-119.034674,2009-06-27,2009,"06","27",1,"6/27/2009 21:00","6/27/2009 23:00","6/27/2009 23:00","6/27/2009 23:15","6/27/2009 23:15","6/28/2009 0:00","6/28/2009 0:00","6/28/2009 0:30","6/28/2009 0:30","6/28/2009 1:00","38","9 x 2.6","Multiple","ND","CD player","Calif. Institute of Env'l Studies (CIES)/Channel Islands National Park (CHIS)","ASSP CD on, netting at SR Bench in bowl; net_open_2 to net_close_2 no playback; net_open_3 to net_close_3 ASSP CD on; net_open_4 to net_close_4 BLSP CD on; net_open_5 to net_close_5 unknown audio playback.","Y","Changing vocalization playback"
"98","2009-07-28_SBI_SRO","SBI","SBI","SRO","Shag Rock Overlook",33.484214,-119.034674,2009-07-28,2009,"07","28",1,"7/28/2009 22:00","7/29/2009 1:08",NA,NA,NA,NA,NA,NA,NA,NA,"38","9 x 2.6","ND","ND","CD player","Calif. Institute of Env'l Studies (CIES)/Channel Islands National Park (CHIS)","Band prefix unknown. BNOW vocalized 23:59. CD used, but vocalization unknown. 100g scale was sticky but ok compared to 300g.","N",NA
"99","2009-08-19_SBI_SRO","SBI","SBI","SRO","Shag Rock Overlook",33.484214,-119.034674,2009-08-19,2009,"08","19",1,"8/19/2009 22:00","8/20/2009 0:00","8/20/2009 0:00","8/20/2009 0:25",NA,NA,NA,NA,NA,NA,"38","9 x 2.6","Multiple","ND","CD player","Calif. Institute of Env'l Studies (CIES)/Channel Islands National Park (CHIS)","Unknown CD on (likely ASSP) at first; net_open_2 to net_close_2 BLSP CD on.","Y","Changing vocalization playback."
"100","2009-04-23_SBI_Sutil","SBI","Sutil","Sutil","Sutil Island",33.464653,-119.049628,2009-04-23,2009,"04","23",1,"4/23/2009 20:00","4/24/2009 0:40",NA,NA,NA,NA,NA,NA,NA,NA,"38","9 x 2.6","None","ND","ND","Calif. Institute of Env'l Studies (CIES)/Channel Islands National Park (CHIS)","Mist-netting in potential CAAU habitat. Did not appear to use vocalizations. Did not band ASSP; therefore, same night recaps UNK. ""Mist-net is too long and too wide; see about 3-tier nets.""","Y",NA
"101","2010-04-15_SCI_DR","SCI","DR","DR","Diablo Rock",34.058036,-119.766572,2010-04-15,2010,"04","15",1,"4/16/2010 0:35","4/16/2010 2:10",NA,NA,NA,NA,NA,NA,NA,NA,"ND","ND","ND","ND","ND","Calif. Institute of Env'l Studies (CIES)/Channel Islands National Park (CHIS)","Bill McIver has rest of data for 2010 (?)","Y",NA
"102","2010-06-07_SBI_NTP","SBI","SBI","NTP","Nature Trail Plot",33.480059,-119.028972,2010-06-07,2010,"06","07",1,"6/7/2010 22:30","6/7/2010 23:00","6/7/2010 23:00","6/7/2010 23:35",NA,NA,NA,NA,NA,NA,"38","6 x 2.6","Multiple","ND","CD player","Calif. Institute of Env'l Studies (CIES)/Channel Islands National Park (CHIS)","ASSP CD on first; net_open_2 to net_close_2 BLSP CD on. Short net used. At Marker #7.","Y","Changing vocalization playback."
"103","2010-06-04_SBI_SRO","SBI","SBI","SRO","Shag Rock Overlook",33.484214,-119.034674,2010-06-04,2010,"06","04",1,"6/4/2010 21:55","6/5/2010 1:00",NA,NA,NA,NA,NA,NA,NA,NA,"38","9 x 2.6","ASSP","ND","CD player","Calif. Institute of Env'l Studies (CIES)/Channel Islands National Park (CHIS)","Used CD player, unknown audio file, likely ASSP. Tried to switch to BLSP CD at 01:00 but both (2) CD players not working. 8-9  ""misses"" at 22:45. ","N",NA
"104","2010-06-05_SBI_SRO","SBI","SBI","SRO","Shag Rock Overlook",33.484214,-119.034674,2010-06-05,2010,"06","05",2,"6/5/2010 22:05","6/6/2010 0:00","6/6/2010 0:00","6/6/2010 0:15","6/6/2010 0:15","6/6/2010 1:00",NA,NA,NA,NA,"38","9 x 2.6","Multiple","ND","CD player","Calif. Institute of Env'l Studies (CIES)/Channel Islands National Park (CHIS)","Unknown CD used (likely ASSP) at first; net_open_2 to net_close_2 BLSP CD on; net_open_3 to net_close_3 LESP CD on.","Y","Changing vocalization playback. "
"105","2010-07-08_SBI_SRO","SBI","SBI","SRO","Shag Rock Overlook",33.484214,-119.034674,2010-07-08,2010,"07","08",1,"7/8/2010 22:04","7/8/2010 23:26","7/8/2010 23:33","7/9/2010 1:02","7/9/2010 1:02","7/9/2010 1:31",NA,NA,NA,NA,"38","9 x 2.6","Multiple","ND","CD player","Calif. Institute of Env'l Studies (CIES)/Channel Islands National Park (CHIS)","Unknown CD on, likely ASSP. 3 poles used. Closed net briefly 23:26 due to wind. ","Y","Changing vocalization playback."
"106","2010-07-10_SBI_SRO","SBI","SBI","SRO","Shag Rock Overlook",33.484214,-119.034674,2010-07-10,2010,"07","10",2,"7/10/2010 22:01","7/11/2010 1:00","7/11/2010 1:00","7/11/2010 1:34",NA,NA,NA,NA,NA,NA,"38","9 x 2.6","Multiple","ND","CD player","Calif. Institute of Env'l Studies (CIES)/Channel Islands National Park (CHIS)","Unknown CD on, likely ASSP from net_open_1 to net_close_1. LESP CD on from net_open_2 to net_close_2. 3 poles used. BNOW flying around and calling.","Y","Changing vocalization playback."
"107","2011-06-26_ANI_CC","ANI","EAI","CC","Cathedral Cove",34.014197,-119.371283,2011-06-26,2011,"06","26",1,"6/26/2011 21:36","6/27/2011 0:42","6/27/2011 0:42","6/27/2011 2:53",NA,NA,NA,NA,NA,NA,"38","9 x 2.6","ASSP","ND","Multiple","Calif. Institute of Env'l Studies (CIES)/Channel Islands National Park (CHIS)","Net site #6 in Harry Carter's map. Start with mp3, speakers died 0:42. BNOW flying around. Switched to stereo for net_open_2, CD briefly stopped 0:46. ","Y","Switched speaker system."
"108","2011-06-26_ANI_EAI_N","ANI","EAI","EAI_N","EAI North side, dock area",34.016411,-119.362333,2011-06-26,2011,"06","26",1,"6/26/2011 21:30","6/27/2011 0:33",NA,NA,NA,NA,NA,NA,NA,NA,"38","9 x 2.6","ASSP","ND","ND","Calif. Institute of Env'l Studies (CIES)/Channel Islands National Park (CHIS)","Unknown vocals, likely ASSP. Can see light from ranger house and Lighthouse. Mucho viento, ~15-20 kts and chilly. Sound stopped 0:33, CD player also not working.","N",NA
"109","2011-07-28_ANI_EAI_S","ANI","EAI","EAI_S","EAI South Ridge",34.014217,-119.365644,2011-07-28,2011,"07","28",1,"7/28/2011 21:04","7/29/2011 1:00",NA,NA,NA,NA,NA,NA,NA,NA,"38","9 x 2.6","ASSP","ND","MP3, CD player","Calif. Institute of Env'l Studies (CIES)/Channel Islands National Park (CHIS)","Netting 60m west of water catchment. Much ambient light, stars, mainland, light house. Several petrels flew around.","N",NA
"110","2011-06-30_SBI_ESP","SBI","SBI","ESP","Elephant Seal Point",33.482528,-119.041599,2011-06-30,2011,"06","30",1,"6/30/2011 22:00","7/1/2011 1:00","7/1/2011 1:00","7/1/2011 1:33",NA,NA,NA,NA,NA,NA,"38","9 x 2.6","Multiple","ND","ND","Calif. Institute of Env'l Studies (CIES)/Channel Islands National Park (CHIS)","ASSP vocals on at first; net_open_2 to net_close_2 BLSP vocals on","Y","Changing vocalization playback."
"111","2011-07-05_SBI_ESP","SBI","SBI","ESP","Elephant Seal Point",33.482528,-119.041599,2011-07-05,2011,"07","05",2,"7/5/2011 22:00","7/6/2011 1:00",NA,NA,NA,NA,NA,NA,NA,NA,"38","9 x 2.6","ASSP","ND","ND","Calif. Institute of Env'l Studies (CIES)/Channel Islands National Park (CHIS)",NA,"N",NA
"112","2011-07-29_SBI_ESP","SBI","SBI","ESP","Elephant Seal Point",33.482528,-119.041599,2011-07-29,2011,"07","29",1,"7/29/2011 22:00","7/30/2011 1:00",NA,NA,NA,NA,NA,NA,NA,NA,"38","9 x 2.6","ASSP","ND","ND","Calif. Institute of Env'l Studies (CIES)/Channel Islands National Park (CHIS)",NA,"N",NA
"113","2011-08-27_SBI_ESP","SBI","SBI","ESP","Elephant Seal Point",33.482528,-119.041599,2011-08-27,2011,"08","27",1,"8/27/2011 22:00","8/28/2011 1:00",NA,NA,NA,NA,NA,NA,NA,NA,"30","9 x 2.6","ASSP","ND","ND","Calif. Institute of Env'l Studies (CIES)/Channel Islands National Park (CHIS)",NA,"N",NA
"114","2011-08-29_SBI_ESP","SBI","SBI","ESP","Elephant Seal Point",33.482528,-119.041599,2011-08-29,2011,"08","29",2,"8/29/2011 22:00","8/30/2011 1:00",NA,NA,NA,NA,NA,NA,NA,NA,"30","9 x 2.6","ASSP","ND","iPod","Calif. Institute of Env'l Studies (CIES)/Channel Islands National Park (CHIS)",NA,"N",NA
"115","2011-06-24_ANI_FC","ANI","WAI","FC","Frenchy's Beach",34.007333,-119.411358,2011-06-24,2011,"06","24",1,"6/24/2011 21:45","6/25/2011 1:10","6/25/2011 1:13","6/25/2011 2:07",NA,NA,NA,NA,NA,NA,"38","9 x 2.6","ND","ND","ND","Calif. Institute of Env'l Studies (CIES)/Channel Islands National Park (CHIS)","Speakers ran out of batteries 01:10. Vocals unknown for net_open_1 to net_close_1. Switched to CD player at 01:13; vocals unknown.","Y","Used 2 nets at Frenchy's Cove that night. Net set up on north beach towards west side. Another net up slope and to the east. "
"116","2011-06-24_ANI_FC","ANI","WAI","FC","Frenchy's Beach",34.007333,-119.411358,2011-06-24,2011,"06","24",1,"6/24/2011 21:10","6/25/2011 0:28","6/25/2011 0:28","6/25/2011 2:00","6/25/2011 2:00","6/25/2011 2:30",NA,NA,NA,NA,"38","9 x 2.6","Multiple","ND","MP3","Calif. Institute of Env'l Studies (CIES)/Channel Islands National Park (CHIS)","ASSP broadcast with MP3. Speakers quit 0:28, switched to CD. Net_open_3 to net_close_3 BLSP vocals on.","Y","Changing vocalization playback, see notes. Used 2 nets at Frenchy's Cove that night. Net set up on north side, east end, upper beach."
"117","2011-07-03_SBI_NCliffs","SBI","SBI","NCliffs","North Cliffs",33.488461,-119.030192,2011-07-03,2011,"07","03",1,"7/3/2011 22:20","7/4/2011 0:00","7/4/2011 0:00","7/4/2011 0:52","7/4/2011 0:52","7/4/2011 1:45",NA,NA,NA,NA,"38","9 x 2.6","Multiple","ND","ND","Calif. Institute of Env'l Studies (CIES)/Channel Islands National Park (CHIS)","Netting at cliffs below weather station. BLSP vocals on net_open_1 to net_close_1. LESP vocals on net_open_2 to net_close_2. BLSP vocals on net_open_3 to net_close_3.","Y","Changing vocalization playback."
"118","2011-07-27_SBI_NCliffs","SBI","SBI","NCliffs","North Cliffs",33.488461,-119.030192,2011-07-27,2011,"07","27",1,"7/27/2011 22:00","7/28/2011 1:01",NA,NA,NA,NA,NA,NA,NA,NA,"38","9 x 2.6","ASSP","ND","iPod","Calif. Institute of Env'l Studies (CIES)/Channel Islands National Park (CHIS)","Netting below and east of weather station near XAMU nest 1301.","N",NA
"119","2011-07-26_ANI_RC","ANI","MAI","RC","Rockfall Cove",34.003147,-119.391792,2011-07-26,2011,"07","26",1,"7/26/2011 20:53","7/27/2011 1:00",NA,NA,NA,NA,NA,NA,NA,NA,"38","9 x 2.6","ASSP","ND","MP3, CD player","Calif. Institute of Env'l Studies (CIES)/Channel Islands National Park (CHIS)","Will run mp3 @ net and CD player a bit farther S. facing out to sea. Using standard net 38mm, 2.6 x 9 m, 4 shelves (all netting so far this year unless otherwise noted). ","N",NA
"120","2011-07-04_SBI_SP","SBI","SBI","SP","Signal Peak",33.471906,-119.041719,2011-07-04,2011,"07","04",1,"7/4/2011 22:00","7/5/2011 1:02",NA,NA,NA,NA,NA,NA,NA,NA,"38","9 x 2.6","ASSP","ND","ND","Calif. Institute of Env'l Studies (CIES)/Channel Islands National Park (CHIS)","A lot of BNOWs in the area.","N",NA
"121","2011-06-04_SBI_SRO","SBI","SBI","SRO","Shag Rock Overlook",33.484214,-119.034674,2011-06-04,2011,"06","04",1,"6/4/2011 22:00","6/5/2011 1:05",NA,NA,NA,NA,NA,NA,NA,NA,"38","9 x 2.6","ND","ND","ND","Calif. Institute of Env'l Studies (CIES)/Channel Islands National Park (CHIS)","Heard BLSP and pissed off BNOW west, down to lower NPK.","N",NA
"122","2011-07-01_SBI_SRO","SBI","SBI","SRO","Shag Rock Overlook",33.484214,-119.034674,2011-07-01,2011,"07","01",1,"7/1/2011 22:00","7/2/2011 1:00","7/2/2011 1:00","7/2/2011 1:34",NA,NA,NA,NA,NA,NA,"38","9 x 2.6","Multiple","ND","ND","Calif. Institute of Env'l Studies (CIES)/Channel Islands National Park (CHIS)","BNOW seen/heard frequently in area. ASSP vocals on for net_open_1 to net_close_1. BLSP vocals on for net_open_2 to net_close_2.","Y","Changing vocalization playback."
"123","2011-07-02_SBI_SRO","SBI","SBI","SRO","Shag Rock Overlook",33.484214,-119.034674,2011-07-02,2011,"07","02",2,"7/2/2011 22:15","7/3/2011 1:14","7/3/2011 1:14","7/3/2011 1:58","7/3/2011 1:58","7/3/2011 2:36",NA,NA,NA,NA,"38","9 x 2.6","Multiple","ND","ND","Calif. Institute of Env'l Studies (CIES)/Channel Islands National Park (CHIS)","Re-tared pesola at 1:26, it was wet & had gained 3 grams. ASSP vocals on net_open_1 to net_close_1. BLSP vocals on net_open_2 to net_close_2. LESP vocals on net_open_3 to net_close_3.","Y","Changing vocalization playback."
"124","2011-07-28_SBI_SRO","SBI","SBI","SRO","Shag Rock Overlook",33.484214,-119.034674,2011-07-28,2011,"07","28",1,"7/28/2011 22:00","7/29/2011 1:00",NA,NA,NA,NA,NA,NA,NA,NA,"38","9 x 2.6","ASSP","ND","iPod","Calif. Institute of Env'l Studies (CIES)/Channel Islands National Park (CHIS)","BNOW around.","N",NA
"125","2012-06-16_ANI_FC","ANI","WAI","FC","Frenchy's Beach",34.007333,-119.411358,2012-06-16,2012,"06","16",1,"6/16/2012 21:40","6/17/2012 1:50","6/17/2012 1:50","6/17/2012 2:20",NA,NA,NA,NA,NA,NA,"30","9 x 2.6","Multiple","ND","CD player","Calif. Institute of Env'l Studies (CIES)/Channel Islands National Park (CHIS)","Speakers standardized to HRC CD player. ASSP vocals on net_open_1 to net_close_1. BLSP vocals on net_open_2 to net_close_2.","Y","Changing vocalization playback."
"126","2014-07-05_SBI_AP","SBI","SBI","AP","Arch Point",33.487622,-119.028535,2014-07-05,2014,"07","05",1,"7/5/2014 21:00","7/6/2014 1:00",NA,NA,NA,NA,NA,NA,NA,NA,"30","ND","ASSP, BLSP, LESP","ND","Triangle speaker connected to iPod","Calif. Institute of Env'l Studies (CIES)/Channel Islands National Park (CHIS)","On arch, 1 net. Used vocalization start/end for net open/closed. Ran out of bands at end of night, same night recaps UNK.","Y","See  notes"
"127","2014-07-06_SBI_AP","SBI","SBI","AP","Arch Point",33.487622,-119.028535,2014-07-06,2014,"07","06",2,"7/6/2014 20:55","7/7/2014 0:29",NA,NA,NA,NA,NA,NA,NA,NA,"30","18 x 2.6 ","ASSP, BLSP, LESP","ND","Triangle speaker connected to iPod","Calif. Institute of Env'l Studies (CIES)/Channel Islands National Park (CHIS)","2 nets used. Used vocalization start/end for net open/closed. No net close time recorded, only capture at 00:29, used as end time.","Y","See notes"
"128","2014-07-20_SBI_AP","SBI","SBI","AP","Arch Point",33.487622,-119.028535,2014-07-20,2014,"07","20",1,"7/20/2014 23:22","7/21/2014 2:10","7/21/2014 2:30","7/21/2014 4:26",NA,NA,NA,NA,NA,NA,"ND","ND","ND","ND","ND","Calif. Institute of Env'l Studies (CIES)/Channel Islands National Park (CHIS)","1 net, middle Arch, speaker to south. Call back off 02:10-02:30.","N",NA
"129","2014-08-21_SBI_AP","SBI","SBI","AP","Arch Point",33.487622,-119.028535,2014-08-21,2014,"08","21",1,"8/21/2014 23:04","8/22/2014 0:16","8/22/2014 0:26","8/22/2014 2:10",NA,NA,NA,NA,NA,NA,"ND","ND","ND","ND","ND","Calif. Institute of Env'l Studies (CIES)/Channel Islands National Park (CHIS)","1 net speaker east on Arch. Paused callback 00:16-00:26 due to BNOW.","N",NA
"130","2014-07-02_SBI_ESP","SBI","SBI","ESP","Elephant Seal Point",33.482528,-119.041599,2014-07-02,2014,"07","02",1,"7/2/2014 21:00","7/3/2014 1:00",NA,NA,NA,NA,NA,NA,NA,NA,"30","18 x 2.6 ","ASSP, BLSP, LESP","ND","Triangle speaker connected to iPod","Calif. Institute of Env'l Studies (CIES)/Channel Islands National Park (CHIS)","Net on terrace of westside of Eseal Cove. Used 2 nets. Used vocalization start/end for net open/closed.","N",NA
"131","2014-07-04_SBI_ESP","SBI","SBI","ESP","Elephant Seal Point",33.482528,-119.041599,2014-07-04,2014,"07","04",2,"7/4/2014 21:00","7/5/2014 1:10",NA,NA,NA,NA,NA,NA,NA,NA,"30","ND","ASSP, BLSP, LESP","ND","Triangle speaker connected to iPod","Calif. Institute of Env'l Studies (CIES)/Channel Islands National Park (CHIS)","Net on terrace west side of Eseal Cove. 1 net used. Used vocalization start/end for net open/closed.","N",NA
"132","2014-07-16_SBI_ESP","SBI","SBI","ESP","Elephant Seal Point",33.482528,-119.041599,2014-07-16,2014,"07","16",1,"7/16/2014 21:50","7/17/2014 0:00",NA,NA,NA,NA,NA,NA,NA,NA,"30","18 x 2.6 ","ND","ND","Triangle speaker connected to iPod","Calif. Institute of Env'l Studies (CIES)/Channel Islands National Park (CHIS)","2 nets, 2 speakers. Assumed 0 bounce-outs , none mentioned.","N",NA
"133","2014-07-17_SBI_ESP","SBI","SBI","ESP","Elephant Seal Point",33.482528,-119.041599,2014-07-17,2014,"07","17",2,"7/17/2014 21:35","7/18/2014 2:43",NA,NA,NA,NA,NA,NA,NA,NA,"30","18 x 2.6 ","ND","ND","CD player with bullhorn speaker","Calif. Institute of Env'l Studies (CIES)/Channel Islands National Park (CHIS)","2 nets, 1 call back CD player in middle. Assumed 0 bounce-outs, none mentioned.","N",NA
"134","2014-08-08_SBI_ESP","SBI","SBI","ESP","Elephant Seal Point",33.482528,-119.041599,2014-08-08,2014,"08","08",1,"8/8/2014 11:35","8/9/2014 3:30",NA,NA,NA,NA,NA,NA,NA,NA,"ND","ND","ND","ND","ND","Calif. Institute of Env'l Studies (CIES)/Channel Islands National Park (CHIS)","1 net, too much light in the sky for ASSP it seems.","N",NA
"135","2014-07-12_SCI_HT","SCI","SR","HT","HighTerrace",34.04733,-119.546765,2014-07-12,2014,"07","12",1,"7/12/2014 21:19","7/13/2014 1:40",NA,NA,NA,NA,NA,NA,NA,NA,"ND","ND","ASSP","ND","ND","Calif. Institute of Env'l Studies (CIES)/Channel Islands National Park (CHIS)","Assumed 0 bounce-outs , none mentioned.","N",NA
"136","2014-07-11_SCI_LSH","SCI","SCI","LSH","Little Scorpion Headland",34.044894,-119.546629,2014-07-11,2014,"07","11",1,"7/11/2014 21:20","7/11/2014 22:50","7/11/2014 23:20","7/12/2014 3:00",NA,NA,NA,NA,NA,NA,"ND","ND","ASSP","ND","ND","Calif. Institute of Env'l Studies (CIES)/Channel Islands National Park (CHIS)","Used 1 net. NW swell 2-5ft. Wx 5-10 kts NW, clear, ~65 degrees, full moon.","Y","app_sunset missing."
"137","2014-07-25_SCI_LSH","SCI","SCI","LSH","Little Scorpion Headland",34.044894,-119.546629,2014-07-25,2014,"07","25",1,"7/25/2014 21:15","7/26/2014 0:09",NA,NA,NA,NA,NA,NA,NA,NA,"ND","ND","ASSP","ND","ND","Calif. Institute of Env'l Studies (CIES)/Channel Islands National Park (CHIS)","1 net. Used last capture time as net close time (did not record). Wx foggy 80% NW wind 6-10 kts, 1-2 ft swell, new moon.","Y","Needs filled in. Used last capture time as net close time."
"138","2014-07-19_SBI_NTP","SBI","SBI","NTP","Nature Trail Plot",33.480059,-119.028972,2014-07-19,2014,"07","19",1,"7/19/2014 21:16","7/19/2014 22:04","7/19/2014 22:04","7/19/2014 22:20","7/19/2014 22:20","7/19/2014 22:43","7/19/2014 22:43","7/19/2014 23:43","7/19/2014 23:43","7/20/2014 1:15","ND","ND","ND","ND","Multiple","Calif. Institute of Env'l Studies (CIES)/Channel Islands National Park (CHIS)","Single net, single speaker in center. Switched to iPod at 22:04, changed batteries, start CD player 22:20, at 22:43 used iPod. At 23:43 used CD player. Assumed 0 bounce-outs.","Y","Changing speaker systems."
"139","2014-06-23_SCI_SR","SCI","SR","SR","Scorpion Rock",34.047666,-119.547674,2014-06-23,2014,"06","23",1,"6/23/2014 22:30","6/24/2014 2:30",NA,NA,NA,NA,NA,NA,NA,NA,"ND","ND","ND","ND","ND","Calif. Institute of Env'l Studies (CIES)/Channel Islands National Park (CHIS)","Net at lower terrace of SE side of Scorpion Rock. Many ASSP seen flying just above net, several bounced out [no # specified]. Used vocalization start/end for net open/closed.","N",NA
"140","2014-07-07_SBI_SRO","SBI","SBI","SRO","Shag Rock Overlook",33.484214,-119.034674,2014-07-07,2014,"07","07",1,"7/7/2014 21:20","7/8/2014 2:00",NA,NA,NA,NA,NA,NA,NA,NA,"30","18 x 2.6 ","ASSP, BLSP, LESP","ND","Triangle speaker connected to iPod","Calif. Institute of Env'l Studies (CIES)/Channel Islands National Park (CHIS)","2 nets used. Did not band any ASSP; therefore, same night recaps UNK.","N",NA
"141","2014-08-22_SBI_SRO","SBI","SBI","SRO","Shag Rock Overlook",33.484214,-119.034674,2014-08-22,2014,"08","22",1,"8/22/2014 22:57","8/23/2014 1:57",NA,NA,NA,NA,NA,NA,NA,NA,"ND","ND","ND","ND","CD player with bullhorn speaker","Calif. Institute of Env'l Studies (CIES)/Channel Islands National Park (CHIS)","1 net at Shag Rock Overlook Bench, Josh Adams CD player. Move to Peninsula N of Shag Overlook at ~-1:00.","N",NA
"142","2015-06-12_SBI_AP","SBI","SBI","AP","Arch Point",33.487622,-119.028535,2015-06-12,2015,"06","12",1,"6/12/2015 21:15","6/13/2015 2:00",NA,NA,NA,NA,NA,NA,NA,NA,"ND","12 x 2.6","ASSP","<100","Triangular speakers with iPod.","Calif. Institute of Env'l Studies (CIES)/Channel Islands National Park (CHIS)","Speaker dB max at 99.7dB, change speaker at 23:50","N",NA
"143","2015-07-09_SBI_AP","SBI","SBI","AP","Arch Point",33.487622,-119.028535,2015-07-09,2015,"07","09",1,"7/9/2015 20:11","7/10/2015 1:43",NA,NA,NA,NA,NA,NA,NA,NA,"ND","12 x 2.6","ASSP","~100","Triangular speakers with iPod.","Calif. Institute of Env'l Studies (CIES)/Channel Islands National Park (CHIS)","No end time recorded, used last capture time for end time. Poss BNOW heard at 22:10.","N",NA
"144","2015-07-23_SBI_AP","SBI","SBI","AP","Arch Point",33.487622,-119.028535,2015-07-23,2015,"07","23",1,"7/23/2015 21:00","7/24/2015 2:00",NA,NA,NA,NA,NA,NA,NA,NA,"38","12 x 2.6","ASSP","~100","Triangular speakers with iPod.","Calif. Institute of Env'l Studies (CIES)/Channel Islands National Park (CHIS)","2nd BLSP captured could be same night recapture (not banded)","N",NA
"145","2015-08-08_SBI_AP","SBI","SBI","AP","Arch Point",33.487622,-119.028535,2015-08-08,2015,"08","08",1,"8/8/2015 20:25","8/9/2015 2:00",NA,NA,NA,NA,NA,NA,NA,NA,"38","12 x 2.6","ASSP","~100","Triangular speakers with iPod.","Calif. Institute of Env'l Studies (CIES)/Channel Islands National Park (CHIS)","2nd and 3rd BLSP captured could be same night recaptures? 16 boats with lights on in Landing Cove","N",NA
"146","2015-09-10_SBI_AP","SBI","SBI","AP","Arch Point",33.487622,-119.028535,2015-09-10,2015,"09","10",1,"9/10/2015 21:07","9/11/2015 0:55",NA,NA,NA,NA,NA,NA,NA,NA,"38","12 x 2.6","ASSP","~100","Triangular speakers with iPod.","Calif. Institute of Env'l Studies (CIES)/Channel Islands National Park (CHIS)","Loud south swell","N",NA
"147","2015-06-13_SBI_ESP","SBI","SBI","ESP","Elephant Seal Point",33.482528,-119.041599,2015-06-13,2015,"06","13",1,"6/13/2015 20:15","6/14/2015 1:05",NA,NA,NA,NA,NA,NA,NA,NA,"ND","12 x 2.6","ASSP","<100","Triangular speakers with iPod. Only 1 speaker on","Calif. Institute of Env'l Studies (CIES)/Channel Islands National Park (CHIS)","Only one speaker on.","N",NA
"148","2015-07-22_SBI_ESP","SBI","SBI","ESP","Elephant Seal Point",33.482528,-119.041599,2015-07-22,2015,"07","22",1,"7/22/2015 21:00","7/23/2015 2:00",NA,NA,NA,NA,NA,NA,NA,NA,"38","12 x 2.6","ASSP","~100","Triangular speakers with iPod.","Calif. Institute of Env'l Studies (CIES)/Channel Islands National Park (CHIS)",NA,"N",NA
"149","2015-08-09_SBI_ESP","SBI","SBI","ESP","Elephant Seal Point",33.482528,-119.041599,2015-08-09,2015,"08","09",1,"8/9/2015 20:30","8/10/2015 2:09",NA,NA,NA,NA,NA,NA,NA,NA,"38","12 x 2.6","ASSP","~100","Triangular speakers with iPod.","Calif. Institute of Env'l Studies (CIES)/Channel Islands National Park (CHIS)","No end time recorded, used last capture time for end time. BLSPs could be same night recaptures.","N",NA
"150","2015-09-11_SBI_ESP","SBI","SBI","ESP","Elephant Seal Point",33.482528,-119.041599,2015-09-11,2015,"09","11",1,"9/11/2015 21:03","9/12/2015 0:47",NA,NA,NA,NA,NA,NA,NA,NA,"38","12 x 2.6","ASSP","~100","Triangular speakers with iPod.","Calif. Institute of Env'l Studies (CIES)/Channel Islands National Park (CHIS)","4 boats anchored near Shag Rock","N",NA
"151","2015-06-17_SMI_PI","SMI","PI","PI","Prince Island",34.056323,-120.332024,2015-06-17,2015,"06","17",1,"6/17/2015 20:50","6/18/2015 2:00",NA,NA,NA,NA,NA,NA,NA,NA,"ND","ND","ND","ND","ND","USGS WERC","100DB, obs: JA, EK, MC. 100% OC, light miderate layer, WNW @ 10knots, heard LESP @ 2255, first petrel fewl by at 2114, net fell for approx 5min at 2240, 2345: dark- no moon/stars visible, light winds","N",NA
"152","2015-06-18_SMI_PI","SMI","PI","PI","Prince Island",34.056323,-120.332024,2015-06-18,2015,"06","18",2,"6/18/2015 20:45","6/19/2015 2:00",NA,NA,NA,NA,NA,NA,NA,NA,"ND","ND","ND","ND","ND","USGS WERC","100DB, obs: JA, EK, MC. winds= 10-15knots, clear sky, windier at sea than 6/17.  0015: clear sky, light winds","N",NA
"153","2015-06-19_SMI_PI","SMI","PI","PI","Prince Island",34.056323,-120.332024,2015-06-19,2015,"06","19",3,"6/19/2015 20:50","6/20/2015 2:00",NA,NA,NA,NA,NA,NA,NA,NA,"ND","ND","ND","ND","ND","USGS WERC","100DB, obs: JA, EK, MC. clear sky, setting sliver moon, breezy, 25knots offshore NW wind, similar to 6/18.  2134- first petrel flyby","N",NA
"154","2015-07-12_SMI_PI","SMI","PI","PI","Prince Island",34.056323,-120.332024,2015-07-12,2015,"07","12",1,"7/12/2015 20:43","7/12/2015 21:53","7/12/2015 22:20","7/12/2015 23:01","7/12/2015 23:43","7/13/2015 2:00",NA,NA,NA,NA,"ND","ND","ND","ND","ND","USGS WERC","100DB, obs: LH, EK. clouds=0%, wind=10knots, vocalizations off 2153-2220 due to large amount of birds in net","N",NA
"155","2015-07-13_SMI_PI","SMI","PI","PI","Prince Island",34.056323,-120.332024,2015-07-13,2015,"07","13",2,"7/13/2015 20:48","7/14/2015 2:00",NA,NA,NA,NA,NA,NA,NA,NA,"ND","ND","ND","ND","ND","USGS WERC","100DB, obs: LH, EK. clouds=100%, winds=15knots, first fly-by: 2111","N",NA
"156","2015-07-14_SMI_PI","SMI","PI","PI","Prince Island",34.056323,-120.332024,2015-07-14,2015,"07","14",3,"7/14/2015 20:33","7/15/2015 2:00",NA,NA,NA,NA,NA,NA,NA,NA,"ND","ND","ND","ND","ND","USGS WERC","100DB, obs: LH, EK. clouds=100%, winds=10knots, fist fly-by 2103","N",NA
"157","2015-08-09_SMI_PI","SMI","PI","PI","Prince Island",34.056323,-120.332024,2015-08-09,2015,"08","09",1,"8/9/2015 20:54","8/10/2015 2:00",NA,NA,NA,NA,NA,NA,NA,NA,"ND","ND","ND","ND","ND","USGS WERC","100DB, obs: RC, MC. winds=5knots","N",NA
"158","2015-08-10_SMI_PI","SMI","PI","PI","Prince Island",34.056323,-120.332024,2015-08-10,2015,"08","10",2,"8/10/2015 20:30","8/11/2015 2:00",NA,NA,NA,NA,NA,NA,NA,NA,"ND","ND","ND","ND","ND","USGS WERC","100DB, obs: RC, MC.","N",NA
"159","2015-08-11_SMI_PI","SMI","PI","PI","Prince Island",34.056323,-120.332024,2015-08-11,2015,"08","11",3,"8/11/2015 20:33","8/12/2015 2:00",NA,NA,NA,NA,NA,NA,NA,NA,"ND","ND","ND","ND","ND","USGS WERC","100DB, obs: RC, MC.","N",NA
"160","2015-09-08_SMI_PI","SMI","PI","PI","Prince Island",34.056323,-120.332024,2015-09-08,2015,"09","08",1,"9/8/2015 20:05","9/9/2015 1:40",NA,NA,NA,NA,NA,NA,NA,NA,"ND","ND","ND","ND","ND","USGS WERC","100DB, obs: MC, EK. Clouds=0%, winds=3knots","N",NA
"161","2015-09-09_SMI_PI","SMI","PI","PI","Prince Island",34.056323,-120.332024,2015-09-09,2015,"09","09",2,"9/9/2015 20:05","9/10/2015 1:35",NA,NA,NA,NA,NA,NA,NA,NA,"ND","ND","ND","ND","ND","USGS WERC","100DB, obs: MC, EK. Clouds=0%, winds=3knots. First fly-by 20:19 (bounce out)","N",NA
"162","2015-09-10_SMI_PI","SMI","PI","PI","Prince Island",34.056323,-120.332024,2015-09-10,2015,"09","10",3,"9/10/2015 20:04","9/11/2015 1:04",NA,NA,NA,NA,NA,NA,NA,NA,"ND","ND","ND","ND","ND","USGS WERC","100DB, obs: MC, EK. Clouds=10%, winds=3knots. First fly-by 21:07","N",NA
"163","2015-06-16_SCI_SR","SCI","SR","SR","Scorpion Rock",34.047666,-119.547674,2015-06-16,2015,"06","16",1,"6/16/2015 21:20","6/17/2015 1:45",NA,NA,NA,NA,NA,NA,NA,NA,"ND","12 x 2.6","ASSP","~100","Large CD player with bullhorn speaker.","Calif. Institute of Env'l Studies (CIES)/Channel Islands National Park (CHIS)","Closed net early due to wind.","N",NA
"164","2015-06-17_SCI_SR","SCI","SR","SR","Scorpion Rock",34.047666,-119.547674,2015-06-17,2015,"06","17",2,"6/17/2015 21:13","6/18/2015 2:00",NA,NA,NA,NA,NA,NA,NA,NA,"ND","12 x 2.6","ASSP","~100","Large CD player with bullhorn speaker.","Calif. Institute of Env'l Studies (CIES)/Channel Islands National Park (CHIS)","Completely socked in 00:08.","N",NA
"165","2015-07-16_SCI_SR","SCI","SR","SR","Scorpion Rock",34.047666,-119.547674,2015-07-16,2015,"07","16",1,"7/16/2015 21:15","7/17/2015 2:02",NA,NA,NA,NA,NA,NA,NA,NA,"ND","12 x 2.6","ASSP","~100","Large CD player with bullhorn speaker.","Calif. Institute of Env'l Studies (CIES)/Channel Islands National Park (CHIS)","8 bounce-outs between 21:49-22:12. No end time recorded, used last capture time as end time. 1st petrels flying over 21:30.","N",NA
"166","2015-09-15_SCI_SR","SCI","SR","SR","Scorpion Rock",34.047666,-119.547674,2015-09-15,2015,"09","15",1,"9/15/2015 20:45","9/16/2015 2:00",NA,NA,NA,NA,NA,NA,NA,NA,"38","12 x 2.6","ASSP","~100","Large CD player with bullhorn speaker.","Calif. Institute of Env'l Studies (CIES)/Channel Islands National Park (CHIS)","~0900 fog and mist set in","N",NA
"167","2016-05-05_SBI_AP","SBI","SBI","AP","Arch Point",33.487622,-119.028535,2016-05-05,2016,"05","05",1,"5/5/2016 21:30","5/6/2016 0:15",NA,NA,NA,NA,NA,NA,NA,NA,"ND","12 x 2.6","ASSP","~100","JBL charge speaker","Calif. Institute of Env'l Studies (CIES)/Channel Islands National Park (CHIS)","Ended early due to wind.","N",NA
"168","2016-06-01_SBI_AP","SBI","SBI","AP","Arch Point",33.487622,-119.028535,2016-06-01,2016,"06","01",1,"6/1/2016 21:00","6/2/2016 2:05",NA,NA,NA,NA,NA,NA,NA,NA,"ND","12 x 2.6","ASSP","~100","JBL charge speaker","Calif. Institute of Env'l Studies (CIES)/Channel Islands National Park (CHIS)","Captured Jouanin's petrel","N",NA
"169","2016-06-02_SBI_AP","SBI","SBI","AP","Arch Point",33.487622,-119.028535,2016-06-02,2016,"06","02",2,"6/2/2016 21:00","6/3/2016 2:05",NA,NA,NA,NA,NA,NA,NA,NA,"ND","12 x 2.6","ASSP","~100","JBL charge speaker","Calif. Institute of Env'l Studies (CIES)/Channel Islands National Park (CHIS)","2 bounce-outs","N",NA
"170","2016-07-06_SBI_AP","SBI","SBI","AP","Arch Point",33.487622,-119.028535,2016-07-06,2016,"07","06",1,"7/6/2016 20:30","7/7/2016 2:00",NA,NA,NA,NA,NA,NA,NA,NA,"30","12 x 2.6","ASSP","~100","JBL charge speaker","Calif. Institute of Env'l Studies (CIES)/Channel Islands National Park (CHIS)",NA,"N",NA
"171","2016-07-08_SBI_AP","SBI","SBI","AP","Arch Point",33.487622,-119.028535,2016-07-08,2016,"07","08",2,"7/8/2016 21:00","7/9/2016 2:13",NA,NA,NA,NA,NA,NA,NA,NA,"30","12 x 2.6","ASSP","~100","JBL charge speaker","Calif. Institute of Env'l Studies (CIES)/Channel Islands National Park (CHIS)","10 bounce-outs","N",NA
"172","2016-08-03_SBI_AP","SBI","SBI","AP","Arch Point",33.487622,-119.028535,2016-08-03,2016,"08","03",1,"8/3/2016 20:27","8/4/2016 2:03",NA,NA,NA,NA,NA,NA,NA,NA,"30","12 x 2.6","ASSP","~100","JBL charge speaker","Calif. Institute of Env'l Studies (CIES)/Channel Islands National Park (CHIS)","5 bounce-outs","N",NA
"173","2016-08-04_SBI_AP","SBI","SBI","AP","Arch Point",33.487622,-119.028535,2016-08-04,2016,"08","04",2,"8/4/2016 20:31","8/5/2016 0:00",NA,NA,NA,NA,NA,NA,NA,NA,"30","12 x 2.6","ASSP","~100","JBL charge speaker","Calif. Institute of Env'l Studies (CIES)/Channel Islands National Park (CHIS)",NA,"N",NA
"174","2016-05-07_SBI_ESP","SBI","SBI","ESP","Elephant Seal Point",33.482528,-119.041599,2016-05-07,2016,"05","07",1,"5/7/2016 22:01","5/8/2016 1:56",NA,NA,NA,NA,NA,NA,NA,NA,"ND","12 x 2.6","ASSP","~100","JBL charge speaker","Calif. Institute of Env'l Studies (CIES)/Channel Islands National Park (CHIS)","No end time listed, used last capture time","N",NA
"175","2016-06-03_SBI_ESP","SBI","SBI","ESP","Elephant Seal Point",33.482528,-119.041599,2016-06-03,2016,"06","03",1,"6/3/2016 20:46","6/4/2016 1:46",NA,NA,NA,NA,NA,NA,NA,NA,"ND","12 x 2.6","ASSP","~100","JBL charge speaker","Calif. Institute of Env'l Studies (CIES)/Channel Islands National Park (CHIS)","No end time recorded, used last capture time.","N",NA
"176","2016-06-04_SBI_ESP","SBI","SBI","ESP","Elephant Seal Point",33.482528,-119.041599,2016-06-04,2016,"06","04",2,"6/4/2016 21:00","6/5/2016 0:03",NA,NA,NA,NA,NA,NA,NA,NA,"ND","12 x 2.6","ASSP","~100","JBL charge speaker","Calif. Institute of Env'l Studies (CIES)/Channel Islands National Park (CHIS)","Ended early due to wind. 1 ASSP bounce-out 23:06. Vision dive boat in cove.","N",NA
"177","2016-07-07_SBI_ESP","SBI","SBI","ESP","Elephant Seal Point",33.482528,-119.041599,2016-07-07,2016,"07","07",1,"7/7/2016 20:45","7/8/2016 2:02",NA,NA,NA,NA,NA,NA,NA,NA,"30","12 x 2.6","ASSP","~100","JBL charge speaker","Calif. Institute of Env'l Studies (CIES)/Channel Islands National Park (CHIS)",NA,"N",NA
"178","2016-07-12_SBI_ESP","SBI","SBI","ESP","Elephant Seal Point",33.482528,-119.041599,2016-07-12,2016,"07","12",2,"7/12/2016 21:02","7/13/2016 2:00",NA,NA,NA,NA,NA,NA,NA,NA,"30","12 x 2.6","ASSP","~100","JBL charge speaker","Calif. Institute of Env'l Studies (CIES)/Channel Islands National Park (CHIS)","1 bounce-out.","N",NA
"179","2016-08-05_SBI_ESP","SBI","SBI","ESP","Elephant Seal Point",33.482528,-119.041599,2016-08-05,2016,"08","05",1,"8/5/2016 20:28","8/6/2016 2:00",NA,NA,NA,NA,NA,NA,NA,NA,"ND","12 x 2.6","ASSP","~100","JBL charge speaker","Calif. Institute of Env'l Studies (CIES)/Channel Islands National Park (CHIS)",NA,"N",NA
"180","2016-08-08_SBI_ESP","SBI","SBI","ESP","Elephant Seal Point",33.482528,-119.041599,2016-08-08,2016,"08","08",2,"8/8/2016 20:45","8/9/2016 2:05",NA,NA,NA,NA,NA,NA,NA,NA,"ND","12 x 2.6","ASSP","~100","JBL charge speaker","Calif. Institute of Env'l Studies (CIES)/Channel Islands National Park (CHIS)",NA,"N",NA
"181","2016-05-02_SMI_PI","SMI","PI","PI","Prince Island",34.056323,-120.332024,2016-05-02,2016,"05","02",1,"5/2/2016 19:50","5/3/2016 2:00",NA,NA,NA,NA,NA,NA,NA,NA,"ND","ND","ND","ND","ND","USGS WERC","100DB, obs: JF, EK. Clouds=0%, winds=5 knots.","N",NA
"182","2016-05-03_SMI_PI","SMI","PI","PI","Prince Island",34.056323,-120.332024,2016-05-03,2016,"05","03",2,"5/3/2016 19:50","5/4/2016 2:00",NA,NA,NA,NA,NA,NA,NA,NA,"ND","ND","ND","ND","ND","USGS WERC","100DB, obs: MJ, EK. Clouds=25%, winds= 5 knots.","N",NA
"183","2016-05-04_SMI_PI","SMI","PI","PI","Prince Island",34.056323,-120.332024,2016-05-04,2016,"05","04",3,"5/4/2016 20:00","5/5/2016 2:00",NA,NA,NA,NA,NA,NA,NA,NA,"ND","ND","ND","ND","ND","USGS WERC","100DB, obs: JF, EK. Clouds=1%, winds=<5 knots.","N",NA
"184","2016-06-03_SMI_PI","SMI","PI","PI","Prince Island",34.056323,-120.332024,2016-06-03,2016,"06","03",1,"6/3/2016 20:51","6/4/2016 2:00",NA,NA,NA,NA,NA,NA,NA,NA,"ND","ND","ND","ND","ND","USGS WERC","100DB, obs: JA, MC. Clouds=100%, winds=<5 knots. First sighting 21:04","Y","High CPUE, need to verify"
"185","2016-06-04_SMI_PI","SMI","PI","PI","Prince Island",34.056323,-120.332024,2016-06-04,2016,"06","04",2,"6/4/2016 20:50","6/5/2016 2:00",NA,NA,NA,NA,NA,NA,NA,NA,"ND","ND","ND","ND","ND","USGS WERC","100DB, obs: JA, MC. Clouds=100%, winds=<5 knots. First sighting 21:10. High overcast, brighter night than 6/3. BNOW vocal at 01:00.","N",NA
"186","2016-06-05_SMI_PI","SMI","PI","PI","Prince Island",34.056323,-120.332024,2016-06-05,2016,"06","05",3,"6/5/2016 20:46","6/6/2016 2:00",NA,NA,NA,NA,NA,NA,NA,NA,"ND","ND","ND","ND","ND","USGS WERC","100DB, obs: JA, MC. First sighting 21:09.","N",NA
"187","2016-07-05_SMI_PI","SMI","PI","PI","Prince Island",34.056323,-120.332024,2016-07-05,2016,"07","05",1,"7/5/2016 20:45","7/6/2016 1:50",NA,NA,NA,NA,NA,NA,NA,NA,"ND","ND","ND","ND","ND","USGS WERC","100DB, obs: MC, EK, clouds: 70%, wind: 5k, first sighting: 21:20, BAOW heard at 2113 (and possible BAOW predated WEGU chick found the following day), fishing boat with bright lights present to the SE all night btwn SRI and SMI ","N",NA
"188","2016-07-06_SMI_PI","SMI","PI","PI","Prince Island",34.056323,-120.332024,2016-07-06,2016,"07","06",2,"7/6/2016 20:44","7/7/2016 2:00",NA,NA,NA,NA,NA,NA,NA,NA,"ND","ND","ND","ND","ND","USGS WERC","100DB, obs: MC, EK, clouds: 90% (100% @ 00:00), wind: 5-10k, first sighting: 21:35, first call: 21:32, bright cloudy windy night, lots of avoidance","N",NA
"189","2016-08-04_SMI_PI","SMI","PI","PI","Prince Island",34.056323,-120.332024,2016-08-04,2016,"08","04",1,"8/4/2016 20:35","8/5/2016 1:32",NA,NA,NA,NA,NA,NA,NA,NA,"ND","ND","ND","ND","ND","USGS WERC","obs: MC, Zeke; clouds = 100%; wind = >5knts; first ASSP seen 20:57","N",NA
"190","2016-08-05_SMI_PI","SMI","PI","PI","Prince Island",34.056323,-120.332024,2016-08-05,2016,"08","05",2,"8/5/2016 20:25","8/6/2016 1:25",NA,NA,NA,NA,NA,NA,NA,NA,"ND","ND","ND","ND","ND","USGS WERC","obs: MC, Zeke; clouds = 100%; wind = 5-10 knts; first ASSP seen 20:44","N",NA
"191","2016-08-06_SMI_PI","SMI","PI","PI","Prince Island",34.056323,-120.332024,2016-08-06,2016,"08","06",3,"8/6/2016 20:25","8/7/2016 1:25",NA,NA,NA,NA,NA,NA,NA,NA,"ND","ND","ND","ND","ND","USGS WERC","obs: MC, Zeke; clouds = 95%; wind 5-10knts; first ASSP seen 20:44; BNOW hear at 2152 (not heard nights 1 & 2)","N",NA
"192","2016-05-04_SCI_SR","SCI","SR","SR","Scorpion Rock",34.047666,-119.547674,2016-05-04,2016,"05","04",1,"5/4/2016 20:30","5/5/2016 1:51",NA,NA,NA,NA,NA,NA,NA,NA,"ND","12 x 2.6","ASSP","~100","ND","Calif. Institute of Env'l Studies (CIES)/Channel Islands National Park (CHIS)","No end time listed, used last capture time","N",NA
"193","2016-05-05_SCI_SR","SCI","SR","SR","Scorpion Rock",34.047666,-119.547674,2016-05-05,2016,"05","05",2,"5/5/2016 20:30","5/6/2016 2:07",NA,NA,NA,NA,NA,NA,NA,NA,"ND","12 x 2.6","ASSP","~100","ND","Calif. Institute of Env'l Studies (CIES)/Channel Islands National Park (CHIS)","1 bounce-out at 21:40.","N",NA
"194","2016-06-01_SCI_SR","SCI","SR","SR","Scorpion Rock",34.047666,-119.547674,2016-06-01,2016,"06","01",1,"6/1/2016 20:25","6/2/2016 2:00",NA,NA,NA,NA,NA,NA,NA,NA,"ND","12 x 2.6","ASSP","~100","ND","Calif. Institute of Env'l Studies (CIES)/Channel Islands National Park (CHIS)","13 bounce-outs. Heard BNOW at 22:30. Misting 22:30. 00:30 seems easier for birds to get out of net. ","N",NA
"195","2016-06-02_SCI_SR","SCI","SR","SR","Scorpion Rock",34.047666,-119.547674,2016-06-02,2016,"06","02",2,"6/2/2016 20:57","6/3/2016 2:00",NA,NA,NA,NA,NA,NA,NA,NA,"ND","12 x 2.6","ASSP","~100","ND","Calif. Institute of Env'l Studies (CIES)/Channel Islands National Park (CHIS)","2 bounce-outs. ","N",NA
"196","2016-06-03_SCI_SR","SCI","SR","SR","Scorpion Rock",34.047666,-119.547674,2016-06-03,2016,"06","03",3,"6/3/2016 20:45","6/4/2016 2:00",NA,NA,NA,NA,NA,NA,NA,NA,"ND","12 x 2.6","ASSP","~100","ND","Calif. Institute of Env'l Studies (CIES)/Channel Islands National Park (CHIS)",NA,"N",NA
"197","2016-07-06_SCI_SR","SCI","SR","SR","Scorpion Rock",34.047666,-119.547674,2016-07-06,2016,"07","06",1,"7/6/2016 20:50","7/7/2016 1:23","7/7/2016 1:25","7/7/2016 2:00",NA,NA,NA,NA,NA,NA,"ND","12 x 2.6","ASSP","~100","ND","Calif. Institute of Env'l Studies (CIES)/Channel Islands National Park (CHIS)","speaker power off 01:23, back on 01:25","N",NA
"198","2016-07-07_SCI_SR","SCI","SR","SR","Scorpion Rock",34.047666,-119.547674,2016-07-07,2016,"07","07",2,"7/7/2016 21:00","7/8/2016 0:18",NA,NA,NA,NA,NA,NA,NA,NA,"ND","12 x 2.6","ASSP","~100","ND","Calif. Institute of Env'l Studies (CIES)/Channel Islands National Park (CHIS)","Wind came up around 23:00 steady 10kt gusts to 15kt, end early due to wind. 1 bouce-out.","N",NA
"199","2016-07-08_SCI_SR","SCI","SR","SR","Scorpion Rock",34.047666,-119.547674,2016-07-08,2016,"07","08",3,NA,NA,NA,NA,NA,NA,NA,NA,NA,NA,"ND","12 x 2.6","ASSP","~100","ND","Calif. Institute of Env'l Studies (CIES)/Channel Islands National Park (CHIS)","Did not open net, too windy","Y","See notes"
"200","2016-07-30_SCI_SR","SCI","SR","SR","Scorpion Rock",34.047666,-119.547674,2016-07-30,2016,"07","30",1,"7/30/2016 21:30","7/31/2016 2:02",NA,NA,NA,NA,NA,NA,NA,NA,"30","12 x 2.6","ASSP","~100","ND","Calif. Institute of Env'l Studies (CIES)/Channel Islands National Park (CHIS)","10+ boats anchored nearby","N",NA
"201","2016-07-31_SCI_SR","SCI","SR","SR","Scorpion Rock",34.047666,-119.547674,2016-07-31,2016,"07","31",2,"7/31/2016 20:38","8/1/2016 2:00",NA,NA,NA,NA,NA,NA,NA,NA,"30","12 x 2.6","ASSP","~100","ND","Calif. Institute of Env'l Studies (CIES)/Channel Islands National Park (CHIS)","Boat with bright spotlight 21:09. 5 bounce-outs.","N",NA
"202","2016-08-01_SCI_SR","SCI","SR","SR","Scorpion Rock",34.047666,-119.547674,2016-08-01,2016,"08","01",3,"8/1/2016 21:10","8/2/2016 2:03",NA,NA,NA,NA,NA,NA,NA,NA,"30","12 x 2.6","ASSP","~100","ND","Calif. Institute of Env'l Studies (CIES)/Channel Islands National Park (CHIS)",NA,"N",NA
"203","2016-05-17_SBI_WP","SBI","SBI","WP","Websters Point",33.481075,-119.046301,2016-05-17,2016,"05","17",1,"5/17/2016 21:20","5/18/2016 0:30",NA,NA,NA,NA,NA,NA,NA,NA,"ND","12 x 2.6","ASSP","<100","JBL charge speaker","Calif. Institute of Env'l Studies (CIES)/Channel Islands National Park (CHIS)","No end time listed, used last capture time. Speakers were very quiet and batteries died.","N",NA
"204","2017-05-25_SBI_AP","SBI","SBI","AP","Arch Point",33.487622,-119.028535,2017-05-25,2017,"05","25",1,"5/25/2017 21:25","5/26/2017 2:00",NA,NA,NA,NA,NA,NA,NA,NA,"ND","12 x 2.6","ASSP","~100","JBL charge speaker","Calif. Institute of Env'l Studies (CIES)/Channel Islands National Park (CHIS)","Light boat just outside Landing Cove, lighting up area, turned on ~12:30.","N",NA
"205","2017-06-22_SBI_AP","SBI","SBI","AP","Arch Point",33.487622,-119.028535,2017-06-22,2017,"06","22",1,"6/22/2017 20:30","6/23/2017 2:00",NA,NA,NA,NA,NA,NA,NA,NA,"30","12 x 2.6","ASSP","~100","JBL charge speaker","Calif. Institute of Env'l Studies (CIES)/Channel Islands National Park (CHIS)","3 boats in Landing Cove","N",NA
"206","2017-05-26_SBI_ESP","SBI","SBI","ESP","Elephant Seal Point",33.482528,-119.041599,2017-05-26,2017,"05","26",1,"5/26/2017 21:00","5/27/2017 2:00",NA,NA,NA,NA,NA,NA,NA,NA,"ND","12 x 2.6","ASSP","~100","JBL charge speaker","Calif. Institute of Env'l Studies (CIES)/Channel Islands National Park (CHIS)",NA,"N",NA
"207","2017-06-19_SCI_SR","SCI","SR","SR","Scorpion Rock",34.047666,-119.547674,2017-06-19,2017,"06","19",1,"6/19/2017 21:05","6/20/2017 2:05",NA,NA,NA,NA,NA,NA,NA,NA,"30","12 x 2.6","ASSP","~100","JBL charge speaker","Calif. Institute of Env'l Studies (CIES)/Channel Islands National Park (CHIS)","7 bounce-outs ~21:30","N",NA
"208","2017-06-20_SCI_SR","SCI","SR","SR","Scorpion Rock",34.047666,-119.547674,2017-06-20,2017,"06","20",2,"6/20/2017 21:15","6/21/2017 0:00",NA,NA,NA,NA,NA,NA,NA,NA,"30","12 x 2.6","ASSP","~100","JBL charge speaker","Calif. Institute of Env'l Studies (CIES)/Channel Islands National Park (CHIS)","7 bounce-outs. Ended early due to wind.","N",NA
"209","2017-08-20_SCI_SR","SCI","SR","SR","Scorpion Rock",34.047666,-119.547674,2017-08-20,2017,"08","20",1,"8/20/2017 20:37","8/21/2017 2:00",NA,NA,NA,NA,NA,NA,NA,NA,"30","12 x 2.6","ASSP","~100","JBL charge speaker","Calif. Institute of Env'l Studies (CIES)/Channel Islands National Park (CHIS)","2 bounce-outs. Heard BNOW vocalize ~12:00.","N",NA
"210","2018-05-12_SBI_AP","SBI","SBI","AP","Arch Point",33.487622,-119.028535,2018-05-12,2018,"05","12",1,"5/12/2018 20:55","5/13/2018 2:10",NA,NA,NA,NA,NA,NA,NA,NA,"38","12 x 2.6","ASSP","~100","JBL charge speaker","Calif. Institute of Env'l Studies (CIES)/Channel Islands National Park (CHIS)",NA,"N",NA
"211","2018-06-10_SBI_AP","SBI","SBI","AP","Arch Point",33.487622,-119.028535,2018-06-10,2018,"06","10",1,"6/10/2018 22:00","6/11/2018 0:00","6/11/2018 0:10","6/11/2018 3:00",NA,NA,NA,NA,NA,NA,"38","12 x 2.6","ASSP","~100","JBL charge speaker","Calif. Institute of Env'l Studies (CIES)/Channel Islands National Park (CHIS)","2 bands overcrimped, took awhile to fix. 10min break for BNOW presence, net closed & audio off, 0:00-0:10","N",NA
"212","2018-07-08_SBI_AP","SBI","SBI","AP","Arch Point",33.487622,-119.028535,2018-07-08,2018,"07","08",1,"7/8/2018 21:00","7/9/2018 0:35","7/9/2018 0:45","7/9/2018 1:05",NA,NA,NA,NA,NA,NA,"38","12 x 2.6","ASSP","~100","JBL charge speaker","Calif. Institute of Env'l Studies (CIES)/Channel Islands National Park (CHIS)","6 bounce-outs. 0:35 speaker out of batteries, connected to external battery and charged for ten minutes. Light boat in Landing Cove at start. ","N",NA
"213","2018-08-13_SBI_AP","SBI","SBI","AP","Arch Point",33.487622,-119.028535,2018-08-13,2018,"08","13",1,"8/13/2018 21:10","8/14/2018 2:10",NA,NA,NA,NA,NA,NA,NA,NA,"38","12 x 2.6","ASSP","~100","JBL charge speaker","Calif. Institute of Env'l Studies (CIES)/Channel Islands National Park (CHIS)","No end time listed, used last capture time. 2 bounce-outs.","N",NA
"214","2018-08-14_SBI_AP","SBI","SBI","AP","Arch Point",33.487622,-119.028535,2018-08-14,2018,"08","14",2,"8/14/2018 21:08","8/15/2018 1:50",NA,NA,NA,NA,NA,NA,NA,NA,"38","12 x 2.6","ASSP","~100","JBL charge speaker","Calif. Institute of Env'l Studies (CIES)/Channel Islands National Park (CHIS)","No end time listed, used last capture time. 3 bounce-outs.","N",NA
"215","2018-05-13_SBI_ESP","SBI","SBI","ESP","Elephant Seal Point",33.482528,-119.041599,2018-05-13,2018,"05","13",1,"5/13/2018 20:39","5/14/2018 2:05",NA,NA,NA,NA,NA,NA,NA,NA,"38","12 x 2.6","ASSP","~100","JBL charge speaker","Calif. Institute of Env'l Studies (CIES)/Channel Islands National Park (CHIS)","2  bounce-outs","N",NA
"216","2018-06-11_SBI_ESP","SBI","SBI","ESP","Elephant Seal Point",33.482528,-119.041599,2018-06-11,2018,"06","11",1,"6/11/2018 21:03","6/12/2018 1:30","6/12/2018 1:30","6/12/2018 2:00",NA,NA,NA,NA,NA,NA,"38","12 x 2.6","ASSP","~100","Multiple","Calif. Institute of Env'l Studies (CIES)/Channel Islands National Park (CHIS)","1 bounce-out. Speaker cutting out ~01:30. Died 01:40. Kept on until 02:00.","Y","Speaker died after 01:40."
"217","2018-07-06_SBI_ESP","SBI","SBI","ESP","Elephant Seal Point",33.482528,-119.041599,2018-07-06,2018,"07","06",1,"7/6/2018 21:06","7/7/2018 0:29",NA,NA,NA,NA,NA,NA,NA,NA,"38","12 x 2.6","ASSP","~100","JBL charge speaker","Calif. Institute of Env'l Studies (CIES)/Channel Islands National Park (CHIS)","Ended early due to wind. 3 bounce outs. ","N",NA
"218","2018-07-07_SBI_ESP","SBI","SBI","ESP","Elephant Seal Point",33.482528,-119.041599,2018-07-07,2018,"07","07",2,"7/7/2018 21:00","7/7/2018 22:45","7/7/2018 23:45","7/8/2018 2:00",NA,NA,NA,NA,NA,NA,"38","12 x 2.6","ASSP","~100","JBL charge speaker","Calif. Institute of Env'l Studies (CIES)/Channel Islands National Park (CHIS)","Closed net 22:45-23:45 due to wind. 4 bounce-outs (unk when?).","N",NA
"219","2018-08-15_SBI_ESP","SBI","SBI","ESP","Elephant Seal Point",33.482528,-119.041599,2018-08-15,2018,"08","15",1,"8/15/2018 21:00","8/16/2018 2:11",NA,NA,NA,NA,NA,NA,NA,NA,"38","12 x 2.6","ASSP","~100","JBL charge speaker","Calif. Institute of Env'l Studies (CIES)/Channel Islands National Park (CHIS)","1 bounce-out.   ","N",NA
"220","2018-05-14_SMI_PI","SMI","PI","PI","Prince Island",34.056323,-120.332024,2018-05-14,2018,"05","14",1,"5/14/2018 20:52","5/15/2018 2:00",NA,NA,NA,NA,NA,NA,NA,NA,"ND","ND","ND","ND","ND","USGS WERC","100DB, obs: PL, EK, clouds: 0%, wind: 5-10k, first sighting: 21:25, BAOW heard at 20:59","N",NA
"221","2018-05-15_SMI_PI","SMI","PI","PI","Prince Island",34.056323,-120.332024,2018-05-15,2018,"05","15",2,"5/15/2018 20:38","5/16/2018 1:55",NA,NA,NA,NA,NA,NA,NA,NA,"ND","ND","ND","ND","ND","USGS WERC","90DB, obs: PL, EK, clouds: 0%, wind: 5-10k, first sighting: 21:15","N",NA
"222","2018-06-11_SMI_PI","SMI","PI","PI","Prince Island",34.056323,-120.332024,2018-06-11,2018,"06","11",1,"6/11/2018 21:09","6/12/2018 2:00",NA,NA,NA,NA,NA,NA,NA,NA,"ND","ND","ND","ND","ND","USGS WERC","100DB; obs: EK, JA; AO and JM from Audubon present; first fly-by at 21:19, cloud cover = 100%, wind = 5-10kn, 30mm net","N",NA
"223","2018-06-12_SMI_PI","SMI","PI","PI","Prince Island",34.056323,-120.332024,2018-06-12,2018,"06","12",2,"6/12/2018 20:55","6/13/2018 2:00",NA,NA,NA,NA,NA,NA,NA,NA,"ND","ND","ND","ND","ND","USGS WERC","100DB; obs: EK, JA; AO and JM from Audubon present; first ASSP heard at 21:13; cloud cover = 100%, cleared at 22:15; wind = 5-10kn, 30mm net","N",NA
"224","2018-06-13_SMI_PI","SMI","PI","PI","Prince Island",34.056323,-120.332024,2018-06-13,2018,"06","13",3,"6/13/2018 20:53","6/14/2018 2:00",NA,NA,NA,NA,NA,NA,NA,NA,"ND","ND","ND","ND","ND","USGS WERC","100DB; obs: EK, JA; AO and JM from Audubon present; first fly-by at 21:13, cloud cover = 100%, wind = 5-10kn, 30mm net","N",NA
"225","2018-07-10_SMI_PI","SMI","PI","PI","Prince Island",34.056323,-120.332024,2018-07-10,2018,"07","10",1,"7/10/2018 20:48","7/11/2018 2:05",NA,NA,NA,NA,NA,NA,NA,NA,"ND","ND","ND","ND","ND","USGS WERC","obs: AJD, PTL;  Clouds=15%; temp=65F; wind=5-10kts; moon=7% waning; wind blow from south 2330","N",NA
"226","2018-07-11_SMI_PI","SMI","PI","PI","Prince Island",34.056323,-120.332024,2018-07-11,2018,"07","11",2,"7/11/2018 20:40","7/12/2018 2:02",NA,NA,NA,NA,NA,NA,NA,NA,"ND","ND","ND","ND","ND","USGS WERC","obs: AJD, PTL;  Clouds=85%, wind=7-12kn; temp=low60s-high50s; moon=2% waning; slight mist 21:46; flashlight check resulted in net avoidance unk spp 22:06","N",NA
"227","2018-08-09_SMI_PI","SMI","PI","PI","Prince Island",34.056323,-120.332024,2018-08-09,2018,"08","09",1,"8/9/2018 20:40","8/10/2018 2:01",NA,NA,NA,NA,NA,NA,NA,NA,"ND","ND","ND","ND","ND","USGS WERC","obs: AJD, PTL; clouds=10%; wind=0-3kts NW, up to 5-8kts by 2100; temp=70F; moon=3% waning; BNOW vocalization throughout night","N",NA
"228","2018-08-10_SMI_PI","SMI","PI","PI","Prince Island",34.056323,-120.332024,2018-08-10,2018,"08","10",2,"8/10/2018 20:26","8/11/2018 2:00",NA,NA,NA,NA,NA,NA,NA,NA,"ND","ND","ND","ND","ND","USGS WERC","obs: AJD, PTL; clouds=0%; wind=0-3kts NW, ; moon=0% waning; BNOW vocalization ~2100; 1 squid and 2 fishing boats motored by","N",NA
"229","2018-08-11_SMI_PI","SMI","PI","PI","Prince Island",34.056323,-120.332024,2018-08-11,2018,"08","11",3,"8/11/2018 20:30","8/12/2018 2:02",NA,NA,NA,NA,NA,NA,NA,NA,"ND","ND","ND","ND","ND","USGS WERC","obs: AJD, PTL; clouds=0%; wind=0-3kts NW, ; moon phase = new moon; BNOW vocalization ~0000","N",NA
"230","2018-06-11_SCI_SR","SCI","SR","SR","Scorpion Rock",34.047666,-119.547674,2018-06-11,2018,"06","11",1,"6/11/2018 21:21","6/12/2018 2:00",NA,NA,NA,NA,NA,NA,NA,NA,"30","12 x 2.6","ASSP","~100","JBL charge3 speaker","Calif. Institute of Env'l Studies (CIES)/Channel Islands National Park (CHIS)","5 bounce-outs","N",NA
"231","2018-06-12_SCI_SR","SCI","SR","SR","Scorpion Rock",34.047666,-119.547674,2018-06-12,2018,"06","12",2,"6/12/2018 21:00","6/13/2018 2:00",NA,NA,NA,NA,NA,NA,NA,NA,"30","12 x 2.6","ASSP","~100","JBL charge3 speaker","Calif. Institute of Env'l Studies (CIES)/Channel Islands National Park (CHIS)","9 bounce-outs","N",NA
"232","2018-06-13_SCI_SR","SCI","SR","SR","Scorpion Rock",34.047666,-119.547674,2018-06-13,2018,"06","13",3,"6/13/2018 9:00","6/14/2018 2:02",NA,NA,NA,NA,NA,NA,NA,NA,"30","12 x 2.6","ASSP","~100","JBL charge3 speaker","Calif. Institute of Env'l Studies (CIES)/Channel Islands National Park (CHIS)","2 bounce-outs","N",NA
"233","2018-07-11_SCI_SR","SCI","SR","SR","Scorpion Rock",34.047666,-119.547674,2018-07-11,2018,"07","11",1,"7/11/2018 21:00","7/12/2018 2:00",NA,NA,NA,NA,NA,NA,NA,NA,"30","12 x 2.6","ASSP","~100","JBL charge3 speaker","Calif. Institute of Env'l Studies (CIES)/Channel Islands National Park (CHIS)","5 bounce-outs","N",NA
"234","2018-07-12_SCI_SR","SCI","SR","SR","Scorpion Rock",34.047666,-119.547674,2018-07-12,2018,"07","12",2,NA,"7/13/2018 1:54",NA,NA,NA,NA,NA,NA,NA,NA,"30","12 x 2.6","ASSP","~100","JBL charge3 speaker","Calif. Institute of Env'l Studies (CIES)/Channel Islands National Park (CHIS)","3 bounce-outs. No start time nor end time recorded. Used last capture for end time.","Y","No net open time"
"235","2018-08-06_SCI_SR","SCI","SR","SR","Scorpion Rock",34.047666,-119.547674,2018-08-06,2018,"08","06",1,"8/6/2018 22:05","8/7/2018 2:03",NA,NA,NA,NA,NA,NA,NA,NA,"30","12 x 2.6","ASSP","~100","JBL charge3 speaker","Calif. Institute of Env'l Studies (CIES)/Channel Islands National Park (CHIS)","12 bounce-outs","N",NA
"236","2018-08-08_SCI_SR","SCI","SR","SR","Scorpion Rock",34.047666,-119.547674,2018-08-08,2018,"08","08",2,"8/8/2018 21:02","8/9/2018 2:00",NA,NA,NA,NA,NA,NA,NA,NA,"30","12 x 2.6","ASSP","~100","JBL charge3 speaker","Calif. Institute of Env'l Studies (CIES)/Channel Islands National Park (CHIS)","4 bounce-outs","N",NA
"237","1994-05-14_ANI_RR","ANI","WAI","RR","Rat Rock",34.013764,-119.442644,1994-05-14,1994,"05","14",NA,"5/14/1994 20:34","5/15/1994 1:45",NA,NA,NA,NA,NA,NA,NA,NA,"","","","","","Humboldt State University (H. Carter & D. Whitworth)","Wx 20:34 mostly clear, cloudy over mainland to north, 1/4 moon, SW wind 5 kn; 22:40 moon obscured by clouds, wind zero; 23:30 sky obscured by clouds; 23:46 wind up to 5-8 kn; 01:15 net billowing, wind 8-12 kn.First SCMU calling 20:42, tape on 20:55, 00:40-01:00 HRC checked 10-20 crevices but found nothing. General: The dive boat Vision was anchored on the south side with bright deck lights so we netted on the north side to reduce net illumination and generator noise. Some light from oil platforms Gilda, Grace, and Gail.","N",NA
"238","2011-07-27_ANI_RR","ANI","WAI","RR","Rat Rock",34.013764,-119.442644,2011-07-27,2011,"07","27",NA,"7/27/2011 21:00","7/27/2011 23:55",NA,NA,NA,NA,NA,NA,NA,NA,"38","9 x 2.6","ASSP","ND","CD player","Calif. Institute of Env'l Studies (CIES)/Channel Islands National Park (CHIS)","Approximate start time. ALH, DMM, REW, MWP. Land @ ~1945 set up net mid-spine on east side of Rat Rock. Using just CD player to start, net open ~2100. Standard net 38 mm, 2.6 x 9 m, 4 shelves. Wx wind NW 5-7 knots, vis 15+ miles, no moon, clear skies. Net shut down 2355 mesh too wide causing birds too much stress. See ALH notes.","Y","Needs filled in. "
